"","spp.abb","AphiaID","AphiaID_acc","Species","Genus","Family","Order","Class","Phylum","Body_Size.value","MovementMethod-burrower","MovementMethod-crawler","MovementMethod-floater","MovementMethod-motile","MovementMethod-permanent_attachment","MovementMethod-sessile","MovementMethod-swimmer","MovementMethod-temporary_attachment","MovementMethod-tube-dwelling","Feeding_Method-browser","Feeding_Method-deposit_feeder","Feeding_Method-filter_feeder","Feeding_Method-grazer","Feeding_Method-predator","Feeding_Method-scavenger","Feeding_Method-suspension_feeder","Sociability-colonial","Sociability-gregarious","Sociability-solitary","Sociability-sometimes_gregarious","Lifespan","Migration-irregular/single_migration","Migration-non-migratory","Migration-regular","Habitat-demersal","Habitat-epifaunal","Habitat-infaunal","Diet-benthic_organisms","Diet-detritus","Diet-macroalgae","Diet-micro-organisms","Diet-omnivore","Diet-plankton","Diet-sediment_particles","Diet-suspended_particles/material","Reproductive_Frequency-annual","Reproductive_Frequency-biannual","Reproductive_Frequency-semelparous","Larval_Feeding_Strategy-lecithotrophic","Larval_Feeding_Strategy-planktotrophic","Reproductive_Period-episodic","Reproductive_Period-protracted","Developmental_Mechanism-benthic_larval_development","Developmental_Mechanism-direct_development","Developmental_Mechanism-fission","Developmental_Mechanism-larval_development","Developmental_Mechanism-oviparous","Developmental_Mechanism-pelagic_larval_development","Reproductive_Timing-1","Reproductive_Timing-2","Reproductive_Timing-3","Reproductive_Timing-4","Reproductive_Timing-5","Reproductive_Timing-6","Reproductive_Timing-7","Reproductive_Timing-8","Reproductive_Timing-9","Reproductive_Timing-10","Reproductive_Timing-11","Reproductive_Timing-12","Age_at_Maturity.value","Larval_Duration.value","Fecundity.value","Size_of_Eggs.value"
"Abietinaria abietina","Abta",117870,117870,"Abietinaria abietina","Abietinaria","Sertulariidae","Leptothecata","Hydrozoa","Cnidaria",300,0,0,0,0,1,0,0,0,0,0,0,0,0,1,0,0,1,0,0,0,NA,0,1,0,0,1,0,0,0,0,0,0,1,0,0,NA,NA,NA,NA,NA,NA,NA,NA,NA,NA,NA,NA,NA,0,0,0,0,0,1,1,1,0,0,0,0,NA,NA,NA,NA
"Abra alba","Abra",141433,141433,"Abra alba","Abra","Semelidae","Veneroida","Bivalvia","Mollusca",2.5,1,0,0,0,0,0,0,0,0,0,1,0,0,0,0,1,0,0,1,0,NA,1,1,0,0,0,1,0,1,0,0,0,1,0,0,1,0,0,0,1,0,1,0,0,0,0,0,1,NA,NA,NA,NA,NA,NA,NA,NA,NA,NA,NA,NA,NA,60,1700,60
"Abra nitida","Abrn",141435,141435,"Abra nitida","Abra","Semelidae","Veneroida","Bivalvia","Mollusca",12,NA,NA,NA,NA,NA,NA,NA,NA,NA,0,1,0,0,0,0,1,NA,NA,NA,NA,2.5,NA,NA,NA,NA,NA,NA,NA,NA,NA,NA,NA,NA,NA,NA,NA,NA,NA,0,1,NA,NA,NA,NA,NA,NA,NA,NA,NA,NA,NA,NA,NA,NA,NA,NA,NA,NA,NA,NA,NA,NA,NA,NA
"Abra prismatica","Abrp",141436,141436,"Abra prismatica","Abra","Semelidae","Veneroida","Bivalvia","Mollusca",1.3,1,0,0,0,0,0,0,0,0,0,1,0,0,0,0,1,0,0,1,0,NA,1,0,0,NA,NA,NA,NA,NA,NA,NA,NA,NA,NA,NA,NA,NA,NA,NA,NA,NA,NA,0,0,0,0,0,1,NA,NA,NA,NA,NA,NA,NA,NA,NA,NA,NA,NA,NA,NA,NA,NA
"Abra tenuis","Abrt",141439,141439,"Abra tenuis","Abra","Semelidae","Veneroida","Bivalvia","Mollusca",1.3,NA,NA,NA,NA,NA,NA,NA,NA,NA,0,1,1,0,0,0,0,NA,NA,NA,NA,NA,NA,NA,NA,NA,NA,NA,NA,NA,NA,NA,NA,NA,NA,NA,NA,NA,NA,NA,NA,NA,NA,0,1,0,0,0,0,0,0,0,0,0,0,1,1,0,0,0,0,NA,NA,1600,140
"Acanthocardia echinata","Acne",138992,138992,"Acanthocardia echinata","Acanthocardia","Cardiidae","Veneroida","Bivalvia","Mollusca",7.5,1,0,0,0,0,0,0,0,0,0,0,0,0,0,0,1,0,0,1,0,15.5,1,1,0,NA,NA,NA,0,0,0,0,0,1,0,1,1,0,0,0,1,1,0,0,0,0,0,0,1,NA,NA,NA,NA,NA,NA,NA,NA,NA,NA,NA,NA,NA,NA,NA,NA
"Actinauge richardi","Actr",100930,100930,"Actinauge richardi","Actinauge","Hormathiidae","Actiniaria","Anthozoa","Cnidaria",15.5,0,0,0,0,0,0,0,1,0,0,0,0,0,1,0,1,0,0,1,0,NA,0,1,0,0,1,0,NA,NA,NA,NA,NA,NA,NA,NA,NA,NA,NA,NA,NA,NA,NA,NA,NA,NA,NA,NA,NA,NA,NA,NA,NA,NA,NA,NA,NA,NA,NA,NA,NA,NA,NA,NA,NA
"Adamsia carciniopados","Admc",100931,100931,"Adamsia carciniopados","Adamsia","Hormathiidae","Actiniaria","Anthozoa","Cnidaria",50,0,0,0,0,1,0,0,1,0,0,1,0,0,1,1,1,0,0,1,0,8,0,1,0,0,1,0,1,1,0,0,0,0,0,0,1,0,0,0,1,1,0,NA,NA,NA,NA,NA,NA,NA,NA,NA,NA,NA,NA,NA,NA,NA,NA,NA,NA,1.5,NA,NA,NA
"Alcyonium digitatum","Alcd",125333,125333,"Alcyonium digitatum","Alcyonium","Alcyoniidae","Alcyonacea","Anthozoa","Cnidaria",200,0,0,0,0,1,0,0,0,0,0,0,0,0,1,0,1,1,0,0,0,NA,0,1,0,0,1,0,0,0,0,0,0,1,0,0,1,0,0,1,0,1,0,NA,NA,NA,NA,NA,NA,1,1,0,0,0,0,0,0,0,0,0,1,NA,10,1e+05,500
"Ampelisca brevicornis","Ampb",101891,101891,"Ampelisca brevicornis","Ampelisca","Ampeliscidae","Amphipoda","Malacostraca","Arthropoda",1.2,1,1,1,0,0,1,1,1,1,0,1,1,0,0,0,1,0,0,1,0,1.5,NA,NA,NA,0,1,1,NA,NA,NA,NA,NA,NA,NA,NA,1,0,0,NA,NA,0,1,1,1,0,0,0,0,NA,NA,NA,NA,NA,NA,NA,NA,NA,NA,NA,NA,1,NA,70,NA
"Ampelisca diadema","Ampld",101896,101896,"Ampelisca diadema","Ampelisca","Ampeliscidae","Amphipoda","Malacostraca","Arthropoda",1,1,0,0,0,0,0,1,1,0,0,0,0,0,0,0,1,0,0,1,0,1.5,NA,NA,NA,NA,NA,NA,NA,NA,NA,NA,NA,NA,NA,NA,NA,NA,NA,NA,NA,NA,NA,0,1,0,0,0,0,NA,NA,NA,NA,NA,NA,NA,NA,NA,NA,NA,NA,NA,NA,58,NA
"Ampelisca spinipes","Ampls",101928,101928,"Ampelisca spinipes","Ampelisca","Ampeliscidae","Amphipoda","Malacostraca","Arthropoda",1.5,1,0,0,0,0,0,1,1,0,0,1,0,0,0,0,1,1,0,1,0,1.5,0,1,0,0,1,0,NA,NA,NA,NA,NA,NA,NA,NA,NA,NA,NA,NA,NA,NA,NA,1,1,0,0,0,1,0,0,0,0,0,1,1,1,1,0,0,0,NA,NA,58,NA
"Ampelisca tenuicornis","Ampt",101930,101930,"Ampelisca tenuicornis","Ampelisca","Ampeliscidae","Amphipoda","Malacostraca","Arthropoda",0.8,1,0,0,0,0,0,1,1,0,0,1,0,0,0,0,1,0,0,1,1,NA,0,0,1,NA,NA,NA,1,1,0,0,0,0,0,0,0,1,0,NA,NA,0,1,1,1,0,0,0,0,NA,NA,NA,NA,NA,NA,NA,NA,NA,NA,NA,NA,NA,NA,56,NA
"Ampharete falcata","Amphrtf",129777,129777,"Ampharete falcata","Ampharete","Ampharetidae","Terebellida","Polychaeta","Annelida",1.5,1,0,0,0,0,0,0,0,0,0,1,0,0,0,0,1,0,0,1,0,4,0,1,0,0,0,1,NA,NA,NA,NA,NA,NA,NA,NA,0,0,1,NA,NA,NA,NA,0,1,0,0,0,0,0,0,0,0,0,0,0,0,1,1,1,1,4,NA,NA,NA
"Amphianthus dohrnii","Amphd",100936,100936,"Amphianthus dohrnii","Amphianthus","Hormathiidae","Actiniaria","Anthozoa","Cnidaria",1,1,0,0,0,0,0,0,0,0,0,1,0,0,0,0,0,0,0,1,0,60.5,0,1,0,0,0,1,0,0,0,0,0,1,0,1,NA,NA,NA,NA,NA,NA,NA,0,0,1,0,0,0,NA,NA,NA,NA,NA,NA,NA,NA,NA,NA,NA,NA,NA,NA,NA,NA
"Amphipholis squamata","Amphs",125064,125064,"Amphipholis squamata","Amphipholis","Amphiuridae","Ophiurida","Ophiuroidea","Echinodermata",0.5,0,1,0,0,0,0,0,0,0,NA,NA,NA,NA,NA,NA,NA,0,1,0,0,4,NA,NA,NA,NA,NA,NA,1,0,1,0,0,0,0,0,NA,NA,NA,NA,NA,NA,NA,0,1,0,0,0,0,1,1,1,1,1,1,1,1,1,1,1,1,1,NA,100,150
"Amphiura chiajei","Ampc",125073,125073,"Amphiura chiajei","Amphiura","Amphiuridae","Ophiurida","Ophiuroidea","Echinodermata",1.1,1,1,0,0,0,0,0,0,0,0,1,0,0,0,0,0,0,1,0,0,8,0,1,0,0,0,1,NA,NA,NA,NA,NA,NA,NA,NA,1,0,0,0,1,1,0,NA,NA,NA,NA,NA,NA,0,0,0,0,0,1,1,1,1,1,1,0,4,NA,NA,NA
"Amphiura filiformis","Amphrfl",125080,125080,"Amphiura filiformis","Amphiura","Amphiuridae","Ophiurida","Ophiuroidea","Echinodermata",1,1,1,0,0,0,0,0,0,0,0,1,0,0,1,0,1,0,1,1,0,15.5,0,1,0,0,0,1,0,1,0,0,0,1,0,0,1,0,0,0,1,0,1,NA,NA,NA,NA,NA,NA,0,0,0,0,0,1,1,1,0,0,0,0,4,180,50000,NA
"Anapagurus laevis","Anpl",107218,107218,"Anapagurus laevis","Anapagurus","Paguridae","Decapoda","Malacostraca","Arthropoda",7,0,1,0,0,0,0,0,0,0,0,1,0,0,0,1,0,0,0,1,0,4,0,1,0,0,1,0,1,1,0,0,0,0,0,0,1,0,0,0,1,1,0,NA,NA,NA,NA,NA,NA,NA,NA,NA,NA,NA,NA,NA,NA,NA,NA,NA,NA,1.5,NA,NA,NA
"Anoplodactylus petiolatus","Anpp",134723,134723,"Anoplodactylus petiolatus","Anoplodactylus","Phoxichilidiidae","Pantopoda","Pycnogonida","Arthropoda",0.9,0,1,0,0,0,0,1,0,0,0,0,0,0,1,0,0,0,0,1,0,NA,0,1,0,NA,NA,NA,NA,NA,NA,NA,NA,NA,NA,NA,NA,NA,NA,NA,NA,NA,NA,1,0,0,0,0,1,NA,NA,NA,NA,NA,NA,NA,NA,NA,NA,NA,NA,NA,NA,NA,NA
"Antedon bifida","Antb",124201,124201,"Antedon bifida","Antedon","Antedonidae","Comatulida","Crinoidea","Echinodermata",100,0,1,0,0,0,0,0,0,0,0,0,0,0,0,0,1,0,1,0,0,NA,NA,NA,NA,0,1,0,0,1,0,0,0,1,0,0,1,0,0,0,1,1,0,NA,NA,NA,NA,NA,NA,NA,NA,NA,NA,NA,NA,NA,NA,NA,NA,NA,NA,1.5,10,NA,NA
"Aonides paucibranchiata","Andp",131107,131107,"Aonides paucibranchiata","Aonides","Spionidae","Spionida","Polychaeta","Annelida",10,1,0,0,0,0,0,0,0,0,0,1,0,0,0,0,0,NA,NA,NA,NA,NA,NA,NA,NA,NA,NA,NA,NA,NA,NA,NA,NA,NA,NA,NA,NA,NA,NA,NA,NA,NA,NA,1,0,0,0,0,1,NA,NA,NA,NA,NA,NA,NA,NA,NA,NA,NA,NA,NA,NA,NA,NA
"Aphelochaeta marioni","Aphm",129938,129938,"Aphelochaeta marioni","Aphelochaeta","Cirratulidae","Terebellida","Polychaeta","Annelida",6.5,1,0,0,0,0,0,0,0,0,0,1,0,0,0,0,0,0,0,1,0,4,0,1,0,0,0,1,0,0,0,1,0,0,0,0,1,0,0,1,0,1,0,NA,NA,NA,NA,NA,NA,0,0,0,0,0,0,0,0,0,1,1,0,1,NA,540,NA
"Aphrodita aculeata","Apha",129840,129840,"Aphrodita aculeata","Aphrodita","Aphroditidae","Phyllodocida","Polychaeta","Annelida",20,1,1,0,0,0,0,0,0,0,0,1,0,0,1,1,0,0,0,1,0,NA,0,1,0,0,0,1,1,0,0,0,0,0,0,0,1,0,0,1,0,1,0,0,0,0,1,0,0,1,1,1,1,1,0,0,0,0,0,0,1,NA,NA,NA,NA
"Aporrhais pespelecani","Aprp",138760,138760,"Aporrhais pespelecani","Aporrhais","Aporrhaidae","Littorinimorpha","Gastropoda","Mollusca",4.2,1,1,0,0,0,0,0,0,0,0,0,1,0,0,0,0,0,0,1,0,NA,NA,NA,NA,0,0,1,0,1,1,0,0,0,0,0,1,0,0,0,1,1,0,NA,NA,NA,NA,NA,NA,0,0,1,1,1,1,1,1,1,1,1,0,NA,NA,NA,NA
"Aporrhais serresianus","Aprs",138761,138761,"Aporrhais serresianus","Aporrhais","Aporrhaidae","Littorinimorpha","Gastropoda","Mollusca",38,1,1,0,0,0,0,0,0,0,0,1,0,0,0,0,0,0,0,1,0,8,0,1,0,0,1,1,0,1,1,0,0,0,0,0,1,0,0,NA,NA,0,1,NA,NA,NA,NA,NA,NA,NA,NA,NA,NA,NA,NA,NA,NA,NA,NA,NA,NA,1.5,60,NA,NA
"Arctica islandica","Arci",138802,138802,"Arctica islandica","Arctica","Arcticidae","Veneroida","Bivalvia","Mollusca",12,1,0,0,0,0,0,0,0,0,0,1,0,0,0,0,1,0,1,1,0,NA,1,0,0,0,0,1,0,0,0,0,0,1,0,0,1,0,0,0,1,1,0,0,0,0,0,0,1,0,0,0,0,0,1,1,1,1,1,0,0,12.5,NA,NA,95
"Arenicola marina","Arnm",129868,129868,"Arenicola marina","Arenicola","Arenicolidae","Capitellida","Polychaeta","Annelida",200,0,1,0,0,0,0,0,0,0,0,0,0,0,1,1,0,0,0,1,0,8,0,1,0,0,1,0,0,1,0,1,0,0,0,0,1,0,0,1,0,1,0,NA,NA,NA,NA,NA,NA,1,1,0,0,0,0,0,0,1,1,1,1,1.5,NA,NA,NA
"Astarte sulcata","Asts",138824,138824,"Astarte sulcata","Astarte","Astartidae","Carditoida","Bivalvia","Mollusca",3,1,0,0,0,0,0,0,0,0,0,0,0,0,0,0,1,0,0,1,0,NA,NA,NA,NA,0,0,1,NA,NA,NA,NA,NA,NA,NA,NA,1,0,0,0,1,1,0,NA,NA,NA,NA,NA,NA,1,1,0,0,0,0,0,0,1,1,1,1,NA,NA,NA,NA
"Asterias rubens","Astr",123776,123776,"Asterias rubens","Asterias","Asteriidae","Forcipulatida","Asteroidea","Echinodermata",520,0,1,0,0,0,0,0,0,0,0,0,0,0,1,1,0,0,0,1,0,8,0,1,0,0,1,0,1,0,0,0,0,0,0,0,1,0,0,0,1,1,0,NA,NA,NA,NA,NA,NA,0,1,1,1,0,0,0,0,0,0,0,0,1,NA,2500000,NA
"Asterina gibbosa","Astg",123987,123987,"Asterina gibbosa","Asterina","Asterinidae","Valvatida","Asteroidea","Echinodermata",50,0,0,0,0,1,0,0,0,0,0,0,0,0,0,0,1,0,0,1,0,8,0,1,0,0,1,0,1,0,0,0,0,0,0,0,1,0,0,1,0,0,1,NA,NA,NA,NA,NA,NA,0,0,0,0,1,1,0,0,0,0,0,0,1.5,NA,1000,NA
"Axinella dissimilis","Axnd",132473,132473,"Axinella dissimilis","Axinella","Axinellidae","Halichondrida","Demospongiae","Porifera",15.5,0,0,0,0,0,0,0,1,0,0,0,0,0,1,0,1,1,0,0,0,NA,0,1,0,0,1,0,0,0,0,0,0,0,0,1,NA,NA,NA,NA,NA,NA,NA,0,0,1,0,0,0,NA,NA,NA,NA,NA,NA,NA,NA,NA,NA,NA,NA,NA,NA,NA,NA
"Azorinus chamasolen","Azrc",141541,141541,"Azorinus chamasolen","Azorinus","Solecurtidae","Veneroida","Bivalvia","Mollusca",6,1,0,0,0,0,0,0,0,0,0,0,0,0,0,0,1,NA,NA,NA,NA,NA,1,0,0,NA,NA,NA,NA,NA,NA,NA,NA,NA,NA,NA,NA,NA,NA,NA,NA,NA,NA,NA,NA,NA,NA,NA,NA,NA,NA,NA,NA,NA,NA,NA,NA,NA,NA,NA,NA,NA,NA,NA,NA
"Bathyporeia elegans","Bthe",103058,103058,"Bathyporeia elegans","Bathyporeia","Bathyporeiidae","Amphipoda","Malacostraca","Arthropoda",0.5,1,0,0,0,0,0,1,0,0,0,1,0,0,0,1,0,0,1,0,1,NA,NA,NA,NA,0,0,1,0,0,0,0,1,0,0,0,1,0,0,NA,NA,0,1,1,1,0,0,0,0,1,1,1,1,1,1,1,1,1,1,1,1,1,NA,7,NA
"Bathyporeia guilliamsoniana","Bthg",103060,103060,"Bathyporeia guilliamsoniana","Bathyporeia","Bathyporeiidae","Amphipoda","Malacostraca","Arthropoda",0.8,1,0,0,0,0,0,1,0,0,0,1,0,0,0,0,0,0,0,0,1,NA,0,0,1,NA,NA,NA,NA,NA,NA,NA,NA,NA,NA,NA,NA,NA,NA,NA,NA,NA,NA,1,1,0,0,0,0,NA,NA,NA,NA,NA,NA,NA,NA,NA,NA,NA,NA,NA,NA,NA,NA
"Bolocera tuediae","Blct",100817,100817,"Bolocera tuediae","Bolocera","Actiniidae","Actiniaria","Anthozoa","Cnidaria",35.5,0,0,0,0,1,0,0,1,0,0,0,0,0,1,0,1,0,0,1,0,15.5,0,1,0,0,1,0,1,0,0,0,0,0,0,0,1,0,0,0,1,0,1,NA,NA,NA,NA,NA,NA,0,1,1,0,0,0,0,0,0,0,0,0,4,30,NA,NA
"Botryllus schlosseri","Btrs",103862,103862,"Botryllus schlosseri","Botryllus","Styelidae","Stolidobranchia","Ascidiacea","Chordata",0.5,0,0,0,0,1,0,0,0,0,0,0,1,0,0,0,1,1,0,0,0,NA,0,1,0,0,1,0,0,0,0,0,0,0,0,1,NA,NA,NA,1,0,NA,NA,NA,NA,NA,NA,NA,NA,NA,NA,NA,NA,NA,NA,NA,NA,NA,NA,NA,NA,1,1,8,NA
"Branchiostoma lanceolatum","Brnl",104906,104906,"Branchiostoma lanceolatum","Branchiostoma","Branchiostomatidae","Leptocardii","Leptocardii","Chordata",6,1,0,0,0,0,0,1,0,0,0,0,0,0,0,0,1,0,0,0,1,NA,1,0,1,NA,NA,NA,NA,NA,NA,NA,NA,NA,NA,NA,NA,NA,NA,NA,NA,NA,NA,NA,NA,NA,NA,NA,NA,NA,NA,NA,NA,NA,NA,NA,NA,NA,NA,NA,NA,NA,NA,NA,NA
"Brissopsis lyrifera","Brsl",124373,124373,"Brissopsis lyrifera","Brissopsis","Brissidae","Spatangoida","Echinoidea","Echinodermata",7,1,0,0,0,0,0,0,0,0,0,1,0,0,0,0,0,0,1,0,0,NA,0,1,0,0,0,1,1,1,0,0,0,0,0,0,0,0,1,0,1,NA,NA,NA,NA,NA,NA,NA,NA,0,0,0,0,0,1,1,1,1,1,1,0,4,NA,1e+06,NA
"Buccinum undatum","Bccu",138878,138878,"Buccinum undatum","Buccinum","Buccinidae","Neogastropoda","Gastropoda","Mollusca",11,1,1,0,0,0,0,0,0,0,0,1,0,0,1,1,0,0,1,1,0,15.5,0,1,1,0,1,0,1,0,0,0,1,0,0,0,1,0,0,NA,NA,0,1,1,1,0,0,0,0,1,1,1,1,1,0,0,0,0,1,1,1,8,NA,20000,250
"Bugula turbinata","Bglt",111166,111166,"Bugula turbinata","Bugula","Bugulidae","Cheilostomatida","Gymnolaemata","Bryozoa",60,0,0,0,0,1,0,0,0,0,0,0,0,0,0,0,1,1,0,0,0,NA,0,1,0,0,1,0,0,1,0,1,0,1,0,0,1,0,0,1,0,0,1,NA,NA,NA,NA,NA,NA,0,0,0,0,0,1,1,1,1,1,1,0,1,1,NA,NA
"Callianassa subterranea","Clls",107729,107729,"Callianassa subterranea","Callianassa","Callianassidae","Decapoda","Malacostraca","Arthropoda",4,1,1,0,0,0,0,0,0,0,0,1,0,0,0,0,0,0,0,1,0,1.5,0,1,0,0,0,1,0,0,0,0,0,0,1,0,0,1,0,0,1,1,0,1,0,0,0,0,1,0,0,0,0,0,1,1,1,0,0,0,0,1,60,NA,NA
"Calocaris macandreae","Clcm",107726,107726,"Calocaris macandreae","Calocaris","Axiidae","Decapoda","Malacostraca","Arthropoda",40,NA,NA,NA,NA,NA,NA,NA,NA,NA,NA,NA,NA,NA,NA,NA,NA,NA,NA,NA,NA,NA,NA,NA,NA,NA,NA,NA,0,1,0,0,0,0,0,0,NA,NA,NA,NA,NA,NA,NA,0,1,0,0,0,0,NA,NA,NA,NA,NA,NA,NA,NA,NA,NA,NA,NA,NA,NA,NA,NA
"Cancer pagurus","Cncp",107276,107276,"Cancer pagurus","Cancer","Cancridae","Decapoda","Malacostraca","Arthropoda",250,0,1,0,0,0,0,0,0,0,0,0,0,0,1,0,0,0,0,1,0,35.5,0,1,0,0,1,0,1,0,0,0,0,0,0,0,1,0,0,0,1,1,0,NA,NA,NA,NA,NA,NA,1,1,0,0,0,0,0,0,0,0,0,1,8,180,3e+06,NA
"Capitella capitata","Cptc",129876,129876,"Capitella capitata","Capitella","Capitellidae","Capitellida","Polychaeta","Annelida",10,1,0,0,0,0,0,0,0,0,0,1,0,0,0,0,0,0,0,1,0,1.5,0,1,0,0,0,1,0,1,0,1,0,1,0,0,1,0,0,1,0,0,1,NA,NA,NA,NA,NA,NA,1,1,1,1,1,1,1,1,1,1,1,1,1,NA,600,250
"Carcinus maenas","Crcm",107381,107381,"Carcinus maenas","Carcinus","Portunidae","Decapoda","Malacostraca","Arthropoda",73,0,1,0,0,0,0,0,0,0,NA,NA,NA,NA,NA,NA,NA,0,0,1,0,8,NA,NA,NA,0,1,0,NA,NA,NA,NA,NA,NA,NA,NA,1,0,0,0,1,0,1,NA,NA,NA,NA,NA,NA,NA,NA,NA,NA,NA,NA,NA,NA,NA,NA,NA,NA,1.5,60,185000,NA
"Caryophyllia smithii","Crys",135144,135144,"Caryophyllia smithii","Caryophyllia","Caryophylliidae","Scleractinia","Anthozoa","Cnidaria",15,0,0,0,0,1,0,0,0,0,0,0,0,0,1,0,1,0,0,1,0,15.5,0,1,0,0,1,0,0,1,0,0,0,0,0,0,1,0,0,0,1,1,0,NA,NA,NA,NA,NA,NA,1,1,1,0,0,0,0,0,0,0,0,0,NA,180,NA,NA
"Cerastoderma edule","Crse",138998,138998,"Cerastoderma edule","Cerastoderma","Cardiidae","Veneroida","Bivalvia","Mollusca",5,1,1,0,0,0,0,0,0,0,0,0,1,0,0,0,1,0,1,0,0,8,0,1,0,0,0,1,0,1,0,0,0,1,0,0,1,0,0,0,1,0,1,0,0,0,0,0,1,0,0,0,0,0,1,1,1,0,0,0,0,1.5,NA,NA,100
"Cerianthus lloydii","Crnl",283798,283798,"Cerianthus lloydii","Cerianthus","Cerianthidae","Ceriantharia","Anthozoa","Cnidaria",150,1,0,0,0,0,0,0,0,0,0,0,0,0,1,0,1,0,0,1,0,15.5,0,1,0,0,0,1,0,0,0,0,0,1,0,0,NA,NA,NA,0,1,NA,NA,NA,NA,NA,NA,NA,NA,1,1,1,1,1,1,1,1,0,0,0,0,NA,180,NA,250
"Chaetopterus variopedatus","Chtv",129914,129914,"Chaetopterus variopedatus","Chaetopterus","Chaetopteridae","Spionida","Polychaeta","Annelida",25,1,0,0,0,0,1,0,0,0,0,0,1,0,0,0,1,0,1,1,0,NA,0,1,0,NA,NA,NA,0,0,0,0,0,0,0,1,1,0,0,0,1,1,0,0,0,0,0,0,1,NA,NA,NA,NA,NA,NA,NA,NA,NA,NA,NA,NA,NA,30,NA,NA
"Chaetozone setosa","Chts",129955,129955,"Chaetozone setosa","Chaetozone","Cirratulidae","Terebellida","Polychaeta","Annelida",2.5,1,0,0,0,0,0,0,0,0,0,1,0,0,0,0,0,0,0,1,0,1.5,0,1,0,0,0,1,0,1,0,0,0,0,0,0,1,0,0,1,0,1,0,NA,NA,NA,NA,NA,NA,NA,NA,NA,NA,NA,NA,NA,NA,NA,NA,NA,NA,NA,NA,NA,NA
"Chamelea gallina","Chmg",141907,141907,"Chamelea gallina","Chamelea","Veneridae","Veneroida","Bivalvia","Mollusca",4,1,0,0,0,0,0,0,0,0,0,0,0,0,0,0,1,0,0,1,0,NA,1,0,0,NA,NA,NA,NA,NA,NA,NA,NA,NA,NA,NA,NA,NA,NA,NA,NA,NA,NA,0,0,0,0,0,1,NA,NA,NA,NA,NA,NA,NA,NA,NA,NA,NA,NA,NA,NA,NA,NA
"Chthamalus montagui","Chtm",106230,106230,"Chthamalus montagui","Chthamalus","Chthamalidae","Sessilia","Maxillopoda","Arthropoda",10,0,0,0,0,1,0,0,0,0,0,0,0,0,0,0,1,0,1,0,0,4,0,1,0,0,1,0,0,0,0,0,0,1,0,0,1,0,0,0,1,1,0,NA,NA,NA,NA,NA,NA,0,0,0,0,0,1,1,1,0,0,0,0,1,30,1800,NA
"Ciona intestinalis","Cnin",103732,103732,"Ciona intestinalis","Ciona","Cionidae","Phlebobranchia","Ascidiacea","Chordata",150,0,0,0,0,1,0,0,0,0,0,0,0,0,0,0,1,0,1,0,0,1.5,0,1,0,0,1,0,0,0,0,0,0,0,0,1,1,0,0,1,0,0,1,NA,NA,NA,NA,NA,NA,1,1,1,1,1,1,1,1,1,1,1,1,NA,10,NA,160
"Clavelina lepadiformis","Clvl",103552,103552,"Clavelina lepadiformis","Clavelina","Clavelinidae","Aplousobranchia","Ascidiacea","Chordata",1.5,0,0,0,0,1,0,0,0,0,0,0,0,0,0,0,1,0,1,0,0,1.5,0,1,0,0,1,0,0,1,0,0,0,1,0,1,1,0,0,1,0,0,1,NA,NA,NA,NA,NA,NA,0,0,0,0,0,1,1,1,1,0,0,0,1,10,60,NA
"Colus gracilis","Clsg",138899,138899,"Colus gracilis","Colus","Buccinidae","Neogastropoda","Gastropoda","Mollusca",7,0,1,0,0,0,0,0,0,0,0,0,0,0,1,1,0,0,0,1,0,60.5,0,1,0,0,1,0,1,0,0,0,0,0,0,0,1,0,0,NA,NA,0,1,0,1,0,0,0,0,NA,NA,NA,NA,NA,NA,NA,NA,NA,NA,NA,NA,8,NA,NA,NA
"Conopeum reticulum","Cnpr",111351,111351,"Conopeum reticulum","Conopeum","Electridae","Cheilostomatida","Gymnolaemata","Bryozoa",0.5,0,0,0,0,1,0,0,0,0,0,0,0,0,0,0,1,1,0,0,0,NA,NA,NA,NA,0,1,0,0,1,1,1,0,0,0,0,1,0,0,0,1,1,0,NA,NA,NA,NA,NA,NA,0,0,0,0,0,1,1,1,1,1,0,0,1,180,NA,NA
"Corbula gibba","Crbg",139410,139410,"Corbula gibba","Corbula","Corbulidae","Myoida","Bivalvia","Mollusca",1.5,1,0,0,0,0,0,0,0,0,0,0,0,0,0,0,1,0,1,0,0,1.5,0,1,0,0,0,1,0,0,0,1,0,1,0,0,1,0,0,0,1,0,1,NA,NA,NA,NA,NA,NA,0,0,0,0,0,1,1,1,1,1,1,0,NA,NA,NA,NA
"Corophium volutator","Crpv",102101,102101,"Corophium volutator","Corophium","Corophiidae","Amphipoda","Malacostraca","Arthropoda",8,1,1,0,0,0,0,1,0,0,0,1,0,1,0,0,1,0,1,0,0,NA,0,1,0,0,0,1,0,0,0,1,0,0,0,0,NA,NA,NA,NA,NA,NA,NA,0,1,0,0,0,0,NA,NA,NA,NA,NA,NA,NA,NA,NA,NA,NA,NA,NA,NA,50,NA
"Corystes cassivelaunus","Cryc",107277,107277,"Corystes cassivelaunus","Corystes","Corystidae","Decapoda","Malacostraca","Arthropoda",7.8,1,1,0,0,0,0,0,0,0,0,0,0,0,1,1,0,0,0,1,0,4,0,1,0,0,1,1,1,0,0,0,0,0,0,0,1,0,0,0,1,0,1,0,0,0,0,0,1,0,0,0,0,1,1,1,0,0,0,0,0,1,30,NA,0.5
"Crangon crangon","Crnc",107552,107552,"Crangon crangon","Crangon","Crangonidae","Decapoda","Malacostraca","Arthropoda",90,0,1,0,0,0,0,1,0,0,NA,NA,NA,NA,NA,NA,NA,0,0,1,0,4,NA,NA,NA,0,1,0,NA,NA,NA,NA,NA,NA,NA,NA,0,1,0,0,1,0,1,NA,NA,NA,NA,NA,NA,NA,NA,NA,NA,NA,NA,NA,NA,NA,NA,NA,NA,1,180,4500,430
"Crepidula fornicata","Crpf",138963,138963,"Crepidula fornicata","Crepidula","Calyptraeidae","Littorinimorpha","Gastropoda","Mollusca",50,0,1,0,0,1,0,0,0,0,0,0,0,0,0,0,1,0,1,0,0,8,0,1,0,0,1,0,0,1,0,0,0,1,0,0,1,0,0,0,1,0,1,NA,NA,NA,NA,NA,NA,0,1,1,1,1,1,1,1,1,1,0,0,NA,60,4000,NA
"Crossaster papposus","Crsp",124154,124154,"Crossaster papposus","Crossaster","Solasteridae","Valvatida","Asteroidea","Echinodermata",340,0,1,0,0,0,0,0,0,0,0,0,0,0,1,1,0,0,0,1,0,15.5,0,1,1,0,1,0,1,0,0,0,0,0,0,0,1,0,0,0,1,0,1,0,1,0,0,0,0,0,0,1,1,0,0,0,0,0,0,0,0,4,60,NA,0.75
"Dendrodoa grossularia","Dndg",103882,103882,"Dendrodoa grossularia","Dendrodoa","Styelidae","Stolidobranchia","Ascidiacea","Chordata",2,0,0,0,0,1,0,0,0,0,0,0,1,0,0,0,1,0,1,0,0,1.5,NA,NA,NA,0,1,0,NA,NA,NA,NA,NA,NA,NA,NA,NA,NA,NA,NA,NA,NA,NA,0,1,0,0,0,0,0,0,0,1,1,1,1,1,1,1,0,0,NA,1,260,287
"Diastylis bradyi","Dstb",110472,110472,"Diastylis bradyi","Diastylis","Diastylidae","Cumacea","Malacostraca","Arthropoda",12,1,1,0,0,0,0,1,0,0,0,1,0,0,0,0,0,0,0,0,1,NA,0,1,0,NA,NA,NA,0,1,0,0,0,1,0,0,NA,NA,NA,NA,NA,NA,NA,1,0,0,0,0,1,NA,NA,NA,NA,NA,NA,NA,NA,NA,NA,NA,NA,NA,NA,NA,NA
"Dichelopandalus bonnieri","Dchb",107643,107643,"Dichelopandalus bonnieri","Dichelopandalus","Pandalidae","Decapoda","Malacostraca","Arthropoda",160,0,1,0,0,0,0,1,0,0,0,0,0,0,1,1,0,0,0,1,0,4,0,1,0,0,1,0,1,0,0,0,0,0,0,0,1,0,0,0,1,0,1,NA,NA,NA,NA,NA,NA,NA,NA,NA,NA,NA,NA,NA,NA,NA,NA,NA,NA,1.5,NA,NA,NA
"Distomus variolosus","Dstv",103890,103890,"Distomus variolosus","Distomus","Styelidae","Stolidobranchia","Ascidiacea","Chordata",10,0,1,0,0,0,0,0,0,0,0,0,0,0,1,1,0,1,0,0,0,1.5,NA,NA,NA,0,1,0,0,1,0,0,0,1,0,0,NA,NA,NA,0,1,NA,NA,NA,NA,NA,NA,NA,NA,0,0,0,0,0,0,1,1,1,0,0,0,NA,1,4,0.6
"Ditrupa arietina","Dtra",130987,130987,"Ditrupa arietina","Ditrupa","Serpulidae","Sabellida","Polychaeta","Annelida",1.5,1,1,0,0,0,0,0,0,0,0,0,0,0,0,0,1,0,0,1,0,1.5,0,1,0,0,1,1,0,1,0,0,0,1,0,0,1,0,0,0,1,0,1,NA,NA,NA,NA,NA,NA,NA,NA,NA,NA,NA,NA,NA,NA,NA,NA,NA,NA,1,60,NA,NA
"Echinocardium cordatum","Echc",124392,124392,"Echinocardium cordatum","Echinocardium","Loveniidae","Spatangoida","Echinoidea","Echinodermata",9,1,0,0,0,0,0,0,0,0,0,1,0,0,0,0,0,0,1,0,1,15.5,1,0,1,0,0,1,0,1,0,0,0,0,0,0,1,0,0,0,1,1,0,0,0,0,0,0,1,0,0,0,0,0,1,1,1,0,0,0,0,NA,NA,1e+06,NA
"Echinocyamus pusillus","Echp",124273,124273,"Echinocyamus pusillus","Echinocyamus","Echinocyamidae","Clypeasteroida","Echinoidea","Echinodermata",1.5,1,0,0,0,0,0,0,0,0,0,1,0,0,0,0,0,0,0,1,0,NA,0,1,0,0,0,1,0,1,0,0,0,0,0,0,NA,NA,NA,0,1,NA,NA,0,0,0,0,0,1,0,0,0,0,0,1,1,1,0,0,0,0,1,60,NA,224
"Echinus esculentus","Eche",124287,124287,"Echinus esculentus","Echinus","Echinidae","Camarodonta","Echinoidea","Echinodermata",17.6,0,1,0,0,0,0,0,0,0,1,0,0,1,0,1,0,0,0,0,1,8,1,1,1,0,1,0,1,1,1,0,0,0,1,0,1,0,0,0,1,1,0,0,0,0,0,0,1,0,0,1,1,1,0,0,0,0,0,0,0,1.5,60,2e+07,NA
"Electra pilosa","Elcp",111355,111355,"Electra pilosa","Electra","Electridae","Cheilostomatida","Gymnolaemata","Bryozoa",0.45,0,0,0,0,1,0,0,0,0,0,0,0,0,0,0,1,1,0,0,0,NA,0,1,0,0,1,0,0,0,1,0,0,1,0,0,1,0,0,0,1,1,0,NA,NA,NA,NA,NA,NA,0,0,0,0,0,0,0,1,1,0,0,0,NA,NA,30,145
"Escharella immersa","Esci",111484,111484,"Escharella immersa","Escharella","Romancheinidae","Cheilostomatida","Gymnolaemata","Bryozoa",NA,0,0,0,0,1,0,0,0,0,0,0,0,0,0,0,1,1,0,0,0,NA,0,1,0,NA,NA,NA,NA,NA,NA,NA,NA,NA,NA,NA,NA,NA,NA,NA,NA,NA,NA,1,0,0,0,0,1,NA,NA,NA,NA,NA,NA,NA,NA,NA,NA,NA,NA,NA,NA,NA,NA
"Eteone longa","Etnl",130616,130616,"Eteone longa","Eteone","Phyllodocidae","Phyllodocida","Polychaeta","Annelida",6,1,1,0,0,0,0,1,0,0,0,1,0,0,1,1,0,0,1,1,1,NA,1,0,0,NA,NA,NA,NA,NA,NA,NA,NA,NA,NA,NA,NA,NA,NA,0,1,NA,NA,0,0,0,0,0,1,NA,NA,NA,NA,NA,NA,NA,NA,NA,NA,NA,NA,NA,65,NA,NA
"Eulalia mustela","Ellm",130631,130631,"Eulalia mustela","Eulalia","Phyllodocidae","Phyllodocida","Polychaeta","Annelida",20,1,1,0,0,0,0,1,0,0,0,0,0,0,1,1,0,NA,NA,NA,NA,NA,NA,NA,NA,NA,NA,NA,NA,NA,NA,NA,NA,NA,NA,NA,NA,NA,NA,NA,NA,NA,NA,0,0,0,0,0,1,NA,NA,NA,NA,NA,NA,NA,NA,NA,NA,NA,NA,NA,NA,NA,NA
"Eunicella verrucosa","Encv",125366,125366,"Eunicella verrucosa","Eunicella","Gorgoniidae","Alcyonacea","Anthozoa","Cnidaria",35.5,0,0,0,0,1,0,0,0,0,0,0,0,0,0,0,1,1,0,0,0,60.5,0,1,0,0,1,0,0,0,0,0,0,1,0,1,1,0,0,1,0,1,0,NA,NA,NA,NA,NA,NA,NA,NA,NA,NA,NA,NA,NA,NA,NA,NA,NA,NA,NA,NA,NA,NA
"Eurydice pulchra","Eryp",118852,118852,"Eurydice pulchra","Eurydice","Cirolanidae","Isopoda","Malacostraca","Arthropoda",0.8,1,0,0,0,0,0,1,0,0,0,0,1,0,1,1,0,0,1,0,0,1.5,NA,NA,NA,0,0,1,1,0,0,0,0,0,0,0,1,0,0,NA,NA,1,0,0,1,0,0,0,0,NA,NA,NA,NA,NA,NA,NA,NA,NA,NA,NA,NA,NA,NA,54,NA
"Eusyllis blomstrandi","Esyb",131290,131290,"Eusyllis blomstrandi","Eusyllis","Syllidae","Phyllodocida","Polychaeta","Annelida",12,1,1,0,0,0,0,1,1,0,0,0,0,0,1,0,0,NA,NA,NA,NA,NA,NA,NA,NA,NA,NA,NA,NA,NA,NA,NA,NA,NA,NA,NA,NA,NA,NA,NA,NA,NA,NA,0,0,0,0,0,1,NA,NA,NA,NA,NA,NA,NA,NA,NA,NA,NA,NA,NA,NA,NA,NA
"Flustra foliacea","Flsf",111367,111367,"Flustra foliacea","Flustra","Flustridae","Cheilostomatida","Gymnolaemata","Bryozoa",10,0,0,0,0,1,0,0,0,0,0,0,1,0,0,0,1,1,1,0,0,8,0,1,0,0,1,0,0,1,0,0,0,1,0,0,1,0,0,1,0,1,0,0,0,0,0,0,1,1,1,1,1,0,0,0,1,1,1,1,1,NA,1,1,NA
"Funiculina quadrangularis","Fncq",128506,128506,"Funiculina quadrangularis","Funiculina","Funiculinidae","Pennatulacea","Anthozoa","Cnidaria",200,0,0,0,0,0,0,0,1,0,0,0,0,0,0,0,1,1,0,0,0,NA,NA,NA,NA,0,1,0,0,0,0,0,0,1,0,0,NA,NA,NA,NA,NA,NA,NA,NA,NA,NA,NA,NA,NA,NA,NA,NA,NA,NA,NA,NA,NA,NA,NA,NA,NA,NA,NA,NA,NA
"Glycera alba","Glya",130116,130116,"Glycera alba","Glycera","Glyceridae","Phyllodocida","Polychaeta","Annelida",7.5,1,0,0,0,0,0,1,0,0,0,1,0,0,1,0,0,0,0,1,0,NA,0,1,0,NA,NA,NA,NA,NA,NA,NA,NA,NA,NA,NA,NA,NA,NA,0,1,NA,NA,0,0,0,0,0,1,NA,NA,NA,NA,NA,NA,NA,NA,NA,NA,NA,NA,NA,NA,NA,NA
"Glycera lapidum","Glyl",130123,130123,"Glycera lapidum","Glycera","Glyceridae","Phyllodocida","Polychaeta","Annelida",10,1,0,0,0,0,0,1,0,0,0,1,0,0,1,0,0,0,0,1,0,NA,0,1,0,NA,NA,NA,NA,NA,NA,NA,NA,NA,NA,NA,NA,NA,NA,NA,NA,NA,NA,0,0,0,0,0,1,NA,NA,NA,NA,NA,NA,NA,NA,NA,NA,NA,NA,NA,NA,NA,NA
"Goniada maculata","Gndm",130140,130140,"Goniada maculata","Goniada","Goniadidae","Phyllodocida","Polychaeta","Annelida",10,1,0,0,0,0,0,1,0,0,0,0,0,0,1,0,0,0,0,1,0,NA,0,1,0,NA,NA,NA,NA,NA,NA,NA,NA,NA,NA,NA,NA,NA,NA,NA,NA,NA,NA,0,0,0,0,0,1,NA,NA,NA,NA,NA,NA,NA,NA,NA,NA,NA,NA,NA,NA,NA,NA
"Halichondria bowerbanki","Hlcb",165801,165801,"Halichondria bowerbanki","Halichondria","Halichondriidae","Halichondrida","Demospongiae","Porifera",250,0,0,0,0,1,0,0,0,0,0,0,0,0,0,0,1,1,0,0,0,NA,0,1,0,0,1,0,0,0,0,0,0,0,0,1,NA,NA,NA,1,0,NA,NA,0,1,0,0,0,0,0,0,0,1,1,1,1,1,1,1,1,0,NA,NA,NA,NA
"Halichondria panicea","Hlcp",165853,165853,"Halichondria panicea","Halichondria","Halichondriidae","Halichondrida","Demospongiae","Porifera",350,0,0,0,0,1,0,0,0,0,0,0,0,0,0,0,1,1,0,0,0,4,0,1,0,0,1,0,0,0,0,0,0,1,0,0,1,0,0,1,0,1,0,0,1,0,0,0,0,0,0,0,1,1,1,0,0,0,0,0,0,NA,NA,NA,NA
"Hediste diversicolor","Hdsd",152302,152302,"Hediste diversicolor","Hediste","Nereididae","Phyllodocida","Polychaeta","Annelida",120,1,1,0,0,0,0,1,0,0,0,1,0,0,0,1,1,0,0,1,0,NA,0,1,0,0,0,1,0,1,0,0,0,1,0,0,0,0,1,1,0,NA,NA,0,0,0,0,1,0,0,0,1,1,1,1,1,1,0,0,0,0,NA,NA,NA,NA
"Henricia oculata","Hnro",123970,123970,"Henricia oculata","Henricia","Echinasteridae","Spinulosida","Asteroidea","Echinodermata",15.5,0,1,0,0,0,0,0,0,0,0,0,0,0,0,0,1,0,0,1,0,4,0,1,0,0,1,0,1,1,0,0,0,0,0,1,1,0,0,1,0,0,1,0,1,0,0,0,0,0,0,1,1,0,0,0,0,0,0,0,0,NA,NA,1000,NA
"Hesionura elongata","Hsne",130649,130649,"Hesionura elongata","Hesionura","Phyllodocidae","Phyllodocida","Polychaeta","Annelida",5,1,0,0,0,0,0,1,0,0,0,0,0,0,1,0,0,NA,NA,NA,NA,NA,NA,NA,NA,NA,NA,NA,NA,NA,NA,NA,NA,NA,NA,NA,NA,NA,NA,NA,NA,NA,NA,0,0,0,0,0,1,NA,NA,NA,NA,NA,NA,NA,NA,NA,NA,NA,NA,NA,NA,NA,NA
"Hiatella arctica","Htla",140103,140103,"Hiatella arctica","Hiatella","Hiatellidae","Euheterodonta","Bivalvia","Mollusca",4,0,0,0,0,1,1,0,0,0,0,0,0,0,0,0,1,0,0,1,0,NA,NA,NA,NA,NA,NA,NA,NA,NA,NA,NA,NA,NA,NA,NA,NA,NA,NA,NA,NA,NA,NA,0,0,0,0,0,1,NA,NA,NA,NA,NA,NA,NA,NA,NA,NA,NA,NA,NA,NA,NA,NA
"Homarus gammarus","Hmrg",107253,107253,"Homarus gammarus","Homarus","Nephropidae","Decapoda","Malacostraca","Arthropoda",35.5,0,1,0,0,0,0,0,0,0,0,0,0,0,0,1,0,0,0,1,0,15.5,0,0,1,0,1,0,1,0,0,0,0,0,0,0,1,0,0,0,1,0,1,NA,NA,NA,NA,NA,NA,0,0,0,0,0,1,1,1,0,0,0,0,8,30,1e+05,1.5
"Hyalinoecia tubicola","Hylt",130464,130464,"Hyalinoecia tubicola","Hyalinoecia","Onuphidae","Eunicida","Polychaeta","Annelida",12,0,1,0,0,0,0,0,0,0,0,1,0,0,0,1,0,0,0,1,1,NA,0,1,0,NA,NA,NA,NA,NA,NA,NA,NA,NA,NA,NA,NA,NA,NA,NA,NA,NA,NA,NA,NA,NA,NA,NA,NA,NA,NA,NA,NA,NA,NA,NA,NA,NA,NA,NA,NA,NA,NA,NA,NA
"Hyas coarctatus","Hysc",107323,107323,"Hyas coarctatus","Hyas","Oregoniidae","Decapoda","Malacostraca","Arthropoda",6.1,0,1,0,0,0,0,0,0,0,0,0,0,0,0,1,0,NA,NA,NA,NA,NA,NA,NA,NA,NA,NA,NA,NA,NA,NA,NA,NA,NA,NA,NA,NA,NA,NA,NA,NA,NA,NA,0,0,0,0,0,1,NA,NA,NA,NA,NA,NA,NA,NA,NA,NA,NA,NA,NA,NA,NA,NA
"Hydrallmania falcata","Hydf",117890,117890,"Hydrallmania falcata","Hydrallmania","Sertulariidae","Leptothecata","Hydrozoa","Cnidaria",50,0,0,0,0,1,0,0,0,0,0,0,0,0,0,0,1,1,0,0,0,NA,NA,NA,NA,0,1,0,NA,NA,NA,NA,NA,NA,NA,NA,1,0,0,NA,NA,1,0,NA,NA,NA,NA,NA,NA,1,1,1,1,0,0,0,0,0,0,0,1,NA,NA,NA,140
"Peringia ulvae","Prnu",140126,151628,"Peringia ulvae","Hydrobia","Hydrobiidae","Littorinimorpha","Gastropoda","Mollusca",0.6,1,1,1,0,0,0,1,0,0,0,1,0,0,0,0,0,0,1,1,0,1.5,0,1,0,0,1,0,0,1,0,1,0,0,0,0,1,0,0,1,1,0,1,NA,NA,NA,NA,NA,NA,0,0,1,1,1,1,1,1,1,1,0,0,1,30,50,NA
"Inachus dorsettensis","Incd",107327,107327,"Inachus dorsettensis","Inachus","Inachidae","Decapoda","Malacostraca","Arthropoda",30,0,1,0,0,0,0,0,0,0,0,0,0,0,1,1,0,0,0,1,0,NA,NA,NA,NA,0,1,0,NA,NA,NA,NA,NA,NA,NA,NA,1,0,0,0,1,1,0,NA,NA,NA,NA,NA,NA,1,1,1,1,1,1,1,1,1,1,1,1,NA,60,5000,NA
"Iphinoe trispinosa","Ipht",110462,110462,"Iphinoe trispinosa","Iphinoe","Bodotriidae","Cumacea","Malacostraca","Arthropoda",1,1,0,0,0,0,0,1,0,0,0,1,0,0,0,0,0,0,0,1,0,NA,0,1,0,NA,NA,NA,0,1,0,0,0,0,0,0,NA,NA,NA,NA,NA,NA,NA,0,1,0,0,0,0,0,0,0,0,0,1,1,1,0,0,0,0,1,NA,NA,170
"Jassa falcata","Jssf",102431,102431,"Jassa falcata","Jassa","Ischyroceridae","Amphipoda","Malacostraca","Arthropoda",7,0,1,0,0,0,0,1,1,0,0,0,0,0,1,0,1,0,1,0,0,NA,0,1,0,0,1,0,1,1,0,0,0,0,0,0,1,0,0,NA,NA,0,1,0,1,0,0,0,0,1,1,1,1,1,1,1,1,1,1,1,1,1,NA,NA,NA
"Laevicardium crassum","Lvcc",139004,139004,"Laevicardium crassum","Laevicardium","Cardiidae","Veneroida","Bivalvia","Mollusca",7,1,0,0,0,0,0,0,0,0,0,0,1,0,0,0,1,0,1,0,0,NA,0,1,0,NA,NA,NA,NA,NA,NA,NA,NA,NA,NA,NA,NA,NA,NA,NA,NA,NA,NA,0,0,0,0,0,1,NA,NA,NA,NA,NA,NA,NA,NA,NA,NA,NA,NA,NA,NA,NA,NA
"Lanice conchilega","Lncc",131495,131495,"Lanice conchilega","Lanice","Terebellidae","Terebellida","Polychaeta","Annelida",30,1,1,0,0,0,1,1,0,0,0,1,1,0,0,0,1,0,0,1,0,NA,0,1,0,0,0,1,0,1,0,0,0,0,0,0,NA,NA,NA,1,1,NA,NA,0,0,0,0,0,1,0,0,0,1,1,1,1,1,1,1,0,0,NA,60,NA,NA
"Liocarcinus depurator","Lcrd",107387,107387,"Liocarcinus depurator","Liocarcinus","Polybiidae","Decapoda","Malacostraca","Arthropoda",4,1,1,0,0,0,0,1,0,0,0,0,0,0,1,1,0,0,0,1,1,NA,0,0,1,1,0,0,1,0,0,0,0,0,0,0,1,0,0,0,1,0,1,0,0,0,0,1,1,1,1,1,1,1,1,1,1,1,1,1,1,1,NA,230000,NA
"Liocarcinus holsatus","Lcrh",107388,107388,"Liocarcinus holsatus","Liocarcinus","Polybiidae","Decapoda","Malacostraca","Arthropoda",3.7,1,1,0,0,0,0,1,0,0,0,0,0,0,1,1,0,0,1,1,0,8,0,0,1,0,1,1,1,0,0,0,0,0,0,0,1,0,0,0,1,1,0,0,0,0,0,0,1,NA,NA,NA,NA,NA,NA,NA,NA,NA,NA,NA,NA,1,NA,NA,NA
"Liocarcinus marmoreus","Lcrm",107390,107390,"Liocarcinus marmoreus","Liocarcinus","Polybiidae","Decapoda","Malacostraca","Arthropoda",3.5,1,1,0,0,0,0,1,0,0,0,0,0,0,1,1,0,0,1,1,0,NA,0,0,1,NA,NA,NA,NA,NA,NA,NA,NA,NA,NA,NA,NA,NA,NA,NA,NA,NA,NA,0,0,0,0,0,1,NA,NA,NA,NA,NA,NA,NA,NA,NA,NA,NA,NA,NA,NA,NA,NA
"Littorina littorea","Lttl",140262,140262,"Littorina littorea","Littorina","Littorinidae","Littorinimorpha","Gastropoda","Mollusca",32,0,1,0,0,0,0,0,0,0,NA,NA,NA,NA,NA,NA,NA,0,1,0,0,8,0,0,1,0,1,0,0,0,1,0,0,0,0,0,1,0,0,0,1,1,0,0,0,0,0,1,0,0,1,1,1,1,1,0,0,0,0,0,0,4,30,1e+05,1
"Lucinoma borealis","Lcnb",140283,140283,"Lucinoma borealis","Lucinoma","Lucinidae","Lucinoida","Bivalvia","Mollusca",4,1,0,0,0,0,0,0,0,0,0,0,0,0,0,0,1,0,0,1,0,NA,1,0,0,NA,NA,NA,NA,NA,NA,NA,NA,NA,NA,NA,NA,NA,NA,NA,NA,NA,NA,0,0,0,0,0,1,NA,NA,NA,NA,NA,NA,NA,NA,NA,NA,NA,NA,NA,NA,NA,NA
"Luidia ciliaris","Ldcl",123920,123920,"Luidia ciliaris","Luidia","Luidiidae","Paxillosida","Asteroidea","Echinodermata",600,1,1,0,0,0,0,1,0,0,0,0,0,0,1,1,0,0,0,1,0,4,0,1,0,0,1,1,1,0,0,0,0,0,0,0,1,0,0,NA,NA,0,1,NA,NA,NA,NA,NA,NA,NA,NA,NA,NA,NA,NA,NA,NA,NA,NA,NA,NA,1,NA,NA,NA
"Macoma balthica","Mcmb",141579,141579,"Macoma balthica","Macoma","Tellinidae","Veneroida","Bivalvia","Mollusca",2.5,1,1,0,0,0,0,0,0,0,0,1,1,0,0,0,1,0,0,1,0,8,1,1,0,0,0,1,0,1,0,1,0,0,0,0,1,0,0,0,1,1,0,0,0,0,0,0,1,0,0,0,0,0,0,0,0,1,1,1,0,NA,180,50000,NA
"Macropipus tuberculatus","Mcrppt",107397,107397,"Macropipus tuberculatus","Macropipus","Polybiidae","Decapoda","Malacostraca","Arthropoda",56,0,1,0,0,0,0,0,0,0,0,0,0,0,1,1,0,0,0,1,0,NA,NA,NA,NA,0,1,0,NA,NA,NA,NA,NA,NA,NA,NA,1,0,0,0,1,0,1,NA,NA,NA,NA,NA,NA,NA,NA,NA,NA,NA,NA,NA,NA,NA,NA,NA,NA,NA,NA,65000,NA
"Macropodia tenuirostris","Mcrpdt",107346,107346,"Macropodia tenuirostris","Macropodia","Inachidae","Decapoda","Malacostraca","Arthropoda",19,NA,NA,NA,NA,NA,NA,NA,NA,NA,NA,NA,NA,NA,NA,NA,NA,0,0,1,0,NA,NA,NA,NA,0,1,0,NA,NA,NA,NA,NA,NA,NA,NA,NA,NA,NA,0,1,NA,NA,NA,NA,NA,NA,NA,NA,NA,NA,NA,NA,NA,NA,NA,NA,NA,NA,NA,NA,NA,30,NA,NA
"Mactra stultorum","Mcts",140299,140299,"Mactra stultorum","Mactra","Mactridae","Veneroida","Bivalvia","Mollusca",5,1,0,0,0,0,0,0,0,0,0,0,0,0,0,0,1,0,0,1,0,NA,1,0,0,NA,NA,NA,NA,NA,NA,NA,NA,NA,NA,NA,NA,NA,NA,NA,NA,NA,NA,0,0,0,0,0,1,NA,NA,NA,NA,NA,NA,NA,NA,NA,NA,NA,NA,NA,NA,NA,NA
"Othomaera othonis","Otho",102821,534781,"Othomaera othonis","Maera","Maeridae","Amphipoda","Malacostraca","Arthropoda",15,1,0,0,0,0,0,1,0,0,0,1,0,0,0,0,0,0,0,0,1,NA,0,1,0,NA,NA,NA,NA,NA,NA,NA,NA,NA,NA,NA,NA,NA,NA,NA,NA,NA,NA,1,0,0,0,0,0,NA,NA,NA,NA,NA,NA,NA,NA,NA,NA,NA,NA,NA,NA,NA,NA
"Maerella tenuimana","Mrlt",102831,102831,"Maerella tenuimana","Maerella","Maeridae","Amphipoda","Malacostraca","Arthropoda",9,1,1,0,0,0,0,0,0,0,NA,NA,NA,NA,NA,NA,NA,0,0,1,0,NA,0,1,0,NA,NA,NA,NA,NA,NA,NA,NA,NA,NA,NA,NA,NA,NA,NA,NA,NA,NA,NA,NA,NA,NA,NA,NA,NA,NA,NA,NA,NA,NA,NA,NA,NA,NA,NA,NA,NA,NA,NA,NA
"Maja squinado","Mjsq",107350,107350,"Maja squinado","Maja","Majidae","Decapoda","Malacostraca","Arthropoda",450,0,1,0,0,0,0,0,0,0,0,0,0,0,1,1,0,0,0,1,0,NA,NA,NA,NA,0,1,0,NA,NA,NA,NA,NA,NA,NA,NA,1,0,0,0,1,0,1,NA,NA,NA,NA,NA,NA,0,0,0,0,0,1,1,1,1,1,1,0,1.5,10,156000,NA
"Marphysa bellii","Mrpb",130072,130072,"Marphysa bellii","Marphysa","Eunicidae","Eunicida","Polychaeta","Annelida",20,1,0,0,0,0,0,0,0,0,0,1,0,0,1,0,0,0,0,1,1,NA,0,1,0,NA,NA,NA,NA,NA,NA,NA,NA,NA,NA,NA,NA,NA,NA,NA,NA,NA,NA,0,0,0,0,0,1,NA,NA,NA,NA,NA,NA,NA,NA,NA,NA,NA,NA,NA,NA,NA,NA
"Mediomastus fragilis","Mdmf",129892,129892,"Mediomastus fragilis","Mediomastus","Capitellidae","Capitellida","Polychaeta","Annelida",6.5,1,0,0,0,0,0,0,0,0,0,1,0,0,0,0,0,0,0,1,0,NA,NA,NA,NA,0,1,0,NA,NA,NA,NA,NA,NA,NA,NA,1,0,0,0,1,1,0,NA,NA,NA,NA,NA,NA,NA,NA,NA,NA,NA,NA,NA,NA,NA,NA,NA,NA,NA,NA,NA,NA
"Metridium senile","Mtrs",100982,100982,"Metridium senile","Metridium","Metridiidae","Actiniaria","Anthozoa","Cnidaria",500,0,0,0,0,0,0,0,1,0,0,0,0,0,0,0,1,0,1,0,0,NA,0,1,0,0,1,0,0,0,0,0,0,1,0,0,NA,NA,NA,1,0,NA,NA,NA,NA,NA,NA,NA,NA,0,0,0,0,0,0,0,1,1,0,0,0,NA,180,NA,NA
"Modiolus modiolus","Mdlm",140467,140467,"Modiolus modiolus","Modiolus","Mytilidae","Mytiloida","Bivalvia","Mollusca",10,0,0,0,0,1,1,0,1,0,0,0,1,0,0,0,1,0,1,1,0,60.5,0,1,0,0,1,1,0,1,0,1,0,1,0,0,1,0,0,0,1,NA,NA,0,0,0,0,0,1,NA,NA,NA,NA,NA,NA,NA,NA,NA,NA,NA,NA,8,30,1e+06,NA
"Musculus discors","Mscd",140472,140472,"Musculus discors","Musculus","Mytilidae","Mytiloida","Bivalvia","Mollusca",1.3,NA,NA,NA,NA,NA,NA,NA,NA,NA,0,0,0,0,0,0,1,0,1,0,0,4,0,1,0,0,1,0,0,0,0,1,0,1,0,0,1,0,0,NA,NA,1,0,0,1,0,0,0,0,NA,NA,NA,NA,NA,NA,NA,NA,NA,NA,NA,NA,NA,NA,NA,300
"Mya arenaria","Myar",140430,140430,"Mya arenaria","Mya","Myidae","Myoida","Bivalvia","Mollusca",15,1,0,0,0,0,0,0,0,0,0,0,0,0,0,0,1,0,0,1,0,15.5,0,1,0,0,0,1,0,0,0,1,0,1,0,0,1,0,0,0,1,0,1,NA,NA,NA,NA,NA,NA,NA,NA,NA,NA,NA,NA,NA,NA,NA,NA,NA,NA,NA,30,5e+06,66
"Mytilus edulis","Myte",140480,140480,"Mytilus edulis","Mytilus","Mytilidae","Mytiloida","Bivalvia","Mollusca",20,0,0,0,0,0,1,0,1,0,0,0,1,0,0,0,1,0,1,0,0,NA,0,1,0,0,1,0,0,1,0,1,0,1,0,0,1,0,0,0,1,0,1,0,0,0,0,0,1,0,0,0,1,1,1,1,1,1,0,0,0,1.5,180,NA,90
"Nephrops norvegicus","Nphn",107254,107254,"Nephrops norvegicus","Nephrops","Nephropidae","Decapoda","Malacostraca","Arthropoda",24,1,1,0,0,0,0,1,0,0,0,0,0,0,1,1,0,0,1,1,0,8,0,1,0,1,0,1,1,0,0,0,0,0,0,0,1,0,0,0,1,1,0,0,0,0,0,0,1,0,0,0,0,0,0,0,1,1,1,1,0,NA,60,NA,NA
"Nephtys caeca","Nphtyscc",130355,130355,"Nephtys caeca","Nephtys","Nephtyidae","Phyllodocida","Polychaeta","Annelida",250,1,1,0,0,0,0,1,0,0,0,0,0,0,1,1,0,0,0,1,0,NA,NA,NA,NA,NA,NA,NA,NA,NA,NA,NA,NA,NA,NA,NA,NA,NA,NA,0,1,NA,NA,NA,NA,NA,NA,NA,NA,NA,NA,NA,NA,NA,NA,NA,NA,NA,NA,NA,NA,NA,NA,10000,NA
"Nephtys cirrosa","Nphtyscr",130357,130357,"Nephtys cirrosa","Nephtys","Nephtyidae","Phyllodocida","Polychaeta","Annelida",10,1,1,0,0,0,0,1,0,0,0,0,0,0,1,1,0,0,0,1,0,NA,0,1,0,0,0,1,1,0,0,0,0,0,0,0,NA,NA,NA,NA,NA,NA,NA,0,0,0,0,0,1,NA,NA,NA,NA,NA,NA,NA,NA,NA,NA,NA,NA,NA,NA,NA,NA
"Nephtys hombergii","Nphh",130359,130359,"Nephtys hombergii","Nephtys","Nephtyidae","Phyllodocida","Polychaeta","Annelida",20,1,1,0,0,0,0,1,0,0,0,0,0,0,1,1,0,0,0,1,0,4,1,1,0,0,0,1,1,0,0,0,0,0,0,0,1,0,0,1,1,0,1,0,0,0,0,0,1,NA,NA,NA,NA,NA,NA,NA,NA,NA,NA,NA,NA,1.5,60,NA,200
"Nephtys incisa","Nphi",130362,130362,"Nephtys incisa","Nephtys","Nephtyidae","Phyllodocida","Polychaeta","Annelida",6.5,NA,NA,NA,NA,NA,NA,NA,NA,NA,0,1,0,0,0,0,0,NA,NA,NA,NA,NA,NA,NA,NA,NA,NA,NA,NA,NA,NA,NA,NA,NA,NA,NA,NA,NA,NA,0,1,NA,NA,NA,NA,NA,NA,NA,NA,NA,NA,NA,NA,NA,NA,NA,NA,NA,NA,NA,NA,NA,NA,NA,NA
"Neptunea antiqua","Npta",138920,138920,"Neptunea antiqua","Neptunea","Buccinidae","Neogastropoda","Gastropoda","Mollusca",20,0,1,0,0,0,0,0,0,0,0,0,0,0,1,1,0,0,0,1,0,60.5,0,1,1,0,1,0,1,0,0,0,0,0,0,0,0,0,1,NA,NA,NA,NA,1,0,0,0,1,0,NA,NA,NA,NA,NA,NA,NA,NA,NA,NA,NA,NA,8,NA,NA,NA
"Notomastus latericeus","Ntml",129898,129898,"Notomastus latericeus","Notomastus","Capitellidae","Capitellida","Polychaeta","Annelida",30,NA,NA,NA,NA,NA,NA,NA,NA,NA,0,1,0,0,0,0,0,NA,NA,NA,NA,NA,NA,NA,NA,NA,NA,NA,NA,NA,NA,NA,NA,NA,NA,NA,NA,NA,NA,1,0,NA,NA,NA,NA,NA,NA,NA,NA,NA,NA,NA,NA,NA,NA,NA,NA,NA,NA,NA,NA,NA,5,NA,NA
"Nucella lapillus","Ncll",140403,140403,"Nucella lapillus","Nucella","Muricidae","Neogastropoda","Gastropoda","Mollusca",4.2,0,1,0,0,0,0,0,0,0,0,0,0,0,1,0,0,0,1,0,0,8,0,1,0,0,1,0,1,0,0,0,0,0,0,0,1,0,0,NA,NA,0,1,0,0,0,0,1,0,1,1,1,1,1,1,1,1,1,1,1,1,1.5,NA,NA,10
"Nucula nitidosa","Ncln",140589,140589,"Nucula nitidosa","Nucula","Nuculidae","Nuculida","Bivalvia","Mollusca",1.3,1,1,0,0,0,0,0,0,0,0,1,0,0,0,0,0,0,0,1,0,NA,1,1,0,0,0,1,0,0,0,1,0,1,0,1,1,0,0,1,0,0,1,0,0,0,0,0,1,0,0,0,0,0,0,0,0,1,1,1,0,1.5,10,NA,150
"Nucula sulcata","Ncls",140592,140592,"Nucula sulcata","Nucula","Nuculidae","Nuculida","Bivalvia","Mollusca",20,1,1,0,0,0,0,0,0,0,0,1,0,0,0,0,0,0,0,1,0,NA,NA,NA,NA,0,0,1,NA,NA,NA,NA,NA,NA,NA,NA,NA,NA,NA,NA,NA,NA,NA,NA,NA,NA,NA,NA,NA,NA,NA,NA,NA,NA,NA,NA,NA,NA,NA,NA,NA,NA,NA,NA,NA
"Obelia longissima","Obll",117389,117389,"Obelia longissima","Obelia","Campanulariidae","Leptothecata","Hydrozoa","Cnidaria",350,0,0,0,0,1,0,0,0,0,0,0,0,0,0,0,1,1,0,0,0,NA,0,1,0,0,1,0,1,1,0,0,0,1,0,0,1,0,0,1,1,1,0,NA,NA,NA,NA,NA,NA,0,0,1,1,1,1,1,1,0,0,0,0,1,30,NA,200
"Ophelia borealis","Ophb",130491,130491,"Ophelia borealis","Ophelia","Opheliidae","Opheliida","Polychaeta","Annelida",5,1,0,0,0,0,0,0,0,0,0,1,0,0,0,0,0,0,0,1,0,NA,0,1,0,NA,NA,NA,NA,NA,NA,NA,NA,NA,NA,NA,NA,NA,NA,NA,NA,NA,NA,0,0,0,0,0,1,NA,NA,NA,NA,NA,NA,NA,NA,NA,NA,NA,NA,NA,NA,NA,NA
"Ophiothrix fragilis","Ophf",125131,125131,"Ophiothrix fragilis","Ophiothrix","Ophiotrichidae","Ophiurida","Ophiuroidea","Echinodermata",2,0,1,0,0,0,0,0,0,0,0,1,1,0,1,1,1,0,1,1,0,8,0,1,0,0,1,0,1,0,0,0,0,1,0,0,1,0,0,0,1,1,0,0,0,0,0,0,1,0,0,0,0,0,1,1,1,1,1,0,0,1,30,NA,NA
"Ophiura albida","Opha",124913,124913,"Ophiura albida","Ophiura","Ophiuridae","Ophiurida","Ophiuroidea","Echinodermata",1.2,1,1,0,0,0,0,0,0,0,0,1,0,0,1,1,1,0,1,1,0,4,0,1,0,0,1,0,NA,NA,NA,NA,NA,NA,NA,NA,NA,NA,NA,NA,NA,NA,NA,0,0,0,0,0,1,NA,NA,NA,NA,NA,NA,NA,NA,NA,NA,NA,NA,NA,NA,NA,NA
"Ophiura ophiura","Opho",124929,124929,"Ophiura ophiura","Ophiura","Ophiuridae","Ophiurida","Ophiuroidea","Echinodermata",3.5,1,1,0,0,0,0,1,0,0,0,1,0,0,1,1,1,0,1,1,0,8,0,1,0,0,1,0,1,1,0,0,0,0,0,0,1,0,0,NA,NA,0,1,0,0,0,0,0,1,NA,NA,NA,NA,NA,NA,NA,NA,NA,NA,NA,NA,1.5,NA,NA,NA
"Owenia fusiformis","Ownf",130544,130544,"Owenia fusiformis","Owenia","Oweniidae","Sabellida","Polychaeta","Annelida",10,1,0,0,0,0,1,0,0,0,0,1,1,0,0,0,1,0,1,0,0,4,0,1,0,0,0,1,0,0,0,0,0,1,0,0,1,0,0,0,1,1,0,0,0,0,0,0,1,0,0,0,0,1,1,0,0,0,0,0,0,1.5,30,70000,100
"Pagurus bernhardus","Pgrb",107232,107232,"Pagurus bernhardus","Pagurus","Paguridae","Decapoda","Malacostraca","Arthropoda",35,0,1,0,0,0,0,0,0,0,0,1,0,0,1,0,1,0,0,1,0,4,0,1,0,0,1,0,1,1,0,0,0,0,0,0,1,0,0,0,1,1,0,0,1,0,0,0,0,1,1,1,1,1,1,1,1,1,1,1,1,1,30,15000,1
"Palinurus elephas","Plne",107703,107703,"Palinurus elephas","Palinurus","Palinuridae","Decapoda","Malacostraca","Arthropoda",500,0,1,0,0,0,0,1,0,0,NA,NA,NA,NA,NA,NA,NA,0,1,0,0,NA,0,0,1,1,1,0,1,0,0,1,0,0,0,0,1,0,0,0,1,0,1,0,0,0,0,1,0,0,0,0,0,0,0,1,1,1,1,0,0,NA,180,NA,NA
"Patella ulyssiponensis","Ptlu",140684,140684,"Patella ulyssiponensis","Patella","Patellidae","Patellogastropoda","Gastropoda","Mollusca",6.5,0,1,0,0,0,0,0,0,0,NA,NA,NA,NA,NA,NA,NA,0,0,1,0,15.5,0,1,0,0,1,0,0,0,1,0,0,0,0,0,1,0,0,0,1,1,0,NA,NA,NA,NA,NA,NA,0,0,0,0,0,0,0,1,1,1,0,0,4,10,NA,NA
"Patella vulgata","Ptlv",140685,140685,"Patella vulgata","Patella","Patellidae","Patellogastropoda","Gastropoda","Mollusca",60,0,1,0,0,0,0,0,0,0,NA,NA,NA,NA,NA,NA,NA,0,1,0,0,15.5,NA,NA,NA,0,1,0,0,0,1,1,0,0,0,0,1,0,0,0,1,0,1,NA,NA,NA,NA,NA,NA,NA,NA,NA,NA,NA,NA,NA,NA,NA,NA,NA,NA,NA,10,NA,160
"Pecten maximus","Pctm",140712,140712,"Pecten maximus","Pecten","Pectinidae","Pectinoida","Bivalvia","Mollusca",150,1,0,0,0,0,0,1,0,0,0,0,0,0,0,0,1,0,0,1,0,15.5,0,1,0,1,1,0,0,1,0,1,0,1,0,0,1,0,0,0,1,0,1,NA,NA,NA,NA,NA,NA,0,0,0,1,1,1,1,1,1,0,0,0,NA,30,2.1e+07,NA
"Pentapora fascialis","Pntf",111082,111082,"Pentapora fascialis","Pentapora","Bitectiporidae","Cheilostomatida","Gymnolaemata","Bryozoa",150,0,0,0,0,1,0,0,0,0,0,0,0,0,0,0,1,1,0,0,0,8,0,1,0,0,1,0,NA,NA,NA,NA,NA,NA,NA,NA,1,0,0,1,0,0,1,NA,NA,NA,NA,NA,NA,0,1,1,1,1,1,1,1,1,1,0,0,NA,1,NA,NA
"Phaxas pellucidus","Phxp",140737,140737,"Phaxas pellucidus","Phaxas","Pharidae","Euheterodonta","Bivalvia","Mollusca",4,1,0,0,0,0,0,0,0,0,0,0,0,0,0,0,1,0,0,1,0,NA,1,0,0,NA,NA,NA,NA,NA,NA,NA,NA,NA,NA,NA,NA,NA,NA,NA,NA,NA,NA,0,0,0,0,0,1,NA,NA,NA,NA,NA,NA,NA,NA,NA,NA,NA,NA,NA,NA,NA,NA
"Philine aperta","Phla",140744,140744,"Philine aperta","Philine","Philinidae","Cephalaspidea","Gastropoda","Mollusca",70,0,1,0,0,0,0,0,0,0,0,0,0,0,1,1,0,0,0,1,0,4,NA,NA,NA,0,0,1,1,0,0,0,0,0,0,0,1,0,0,0,1,1,0,NA,NA,NA,NA,NA,NA,0,0,0,1,1,1,1,1,0,0,0,0,NA,180,50000,NA
"Phoronis muelleri","Phrm",128549,128549,"Phoronis muelleri","Phoronis","Phoronida","Phoronida","Phoronida","Phoronida",12,NA,NA,NA,NA,NA,NA,NA,NA,NA,0,0,1,0,0,0,0,NA,NA,NA,NA,NA,NA,NA,NA,NA,NA,NA,NA,NA,NA,NA,NA,NA,NA,NA,NA,NA,NA,0,1,NA,NA,NA,NA,NA,NA,NA,NA,NA,NA,NA,NA,NA,NA,NA,NA,NA,NA,NA,NA,NA,21,NA,NA
"Photis longicaudata","Phtl",102383,102383,"Photis longicaudata","Photis","Photidae","Amphipoda","Malacostraca","Arthropoda",0.6,1,0,0,0,0,0,1,0,0,0,0,0,0,0,0,1,0,0,0,1,NA,0,1,0,NA,NA,NA,NA,NA,NA,NA,NA,NA,NA,NA,NA,NA,NA,NA,NA,NA,NA,1,0,0,0,0,0,NA,NA,NA,NA,NA,NA,NA,NA,NA,NA,NA,NA,NA,NA,NA,NA
"Pisidia longicornis","Psdl",107188,107188,"Pisidia longicornis","Pisidia","Porcellanidae","Decapoda","Malacostraca","Arthropoda",1,0,1,0,0,0,0,1,0,0,0,0,0,0,0,1,1,0,0,1,0,4,0,1,0,0,1,0,NA,NA,NA,NA,NA,NA,NA,NA,1,0,0,0,1,1,0,0,0,0,0,0,1,0,0,1,1,1,1,1,1,0,0,0,0,NA,60,NA,NA
"Pisione remota","Psnr",130707,130707,"Pisione remota","Pisione","Sigalionidae","Phyllodocida","Polychaeta","Annelida",10,1,0,0,0,0,0,0,0,0,0,0,0,0,1,0,0,NA,NA,NA,NA,NA,NA,NA,NA,NA,NA,NA,NA,NA,NA,NA,NA,NA,NA,NA,NA,NA,NA,NA,NA,NA,NA,1,0,0,0,0,0,NA,NA,NA,NA,NA,NA,NA,NA,NA,NA,NA,NA,NA,NA,NA,NA
"Poecilochaetus serpens","Pcls",130711,130711,"Poecilochaetus serpens","Poecilochaetus","Poecilochaetidae","Spionida","Polychaeta","Annelida",NA,1,0,0,0,0,0,0,0,0,0,1,1,0,0,0,1,0,1,1,0,NA,0,1,0,NA,NA,NA,NA,NA,NA,NA,NA,NA,NA,NA,NA,NA,NA,0,1,NA,NA,0,0,0,0,0,1,NA,NA,NA,NA,NA,NA,NA,NA,NA,NA,NA,NA,NA,NA,NA,NA
"Polydora ciliata","Plyc",131141,131141,"Polydora ciliata","Polydora","Spionidae","Spionida","Polychaeta","Annelida",3,1,0,0,0,0,0,0,0,0,0,1,1,0,0,0,1,0,1,0,0,NA,0,1,0,0,1,0,1,1,0,0,0,0,0,1,1,0,0,0,1,0,1,NA,NA,NA,NA,NA,NA,0,1,1,1,1,1,0,0,0,0,0,0,1,60,1200,NA
"Spirobranchus triqueter","Sprt",131027,555935,"Spirobranchus triqueter","Pomatoceros","Serpulidae","Sabellida","Polychaeta","Annelida",1.2,0,0,0,0,1,0,0,0,0,0,0,1,0,0,0,1,0,0,1,0,NA,0,1,0,0,1,0,0,1,0,0,0,1,0,0,1,0,0,0,1,1,0,NA,NA,NA,NA,NA,NA,NA,NA,NA,NA,NA,NA,NA,NA,NA,NA,NA,NA,1,30,NA,NA
"Pontocrates altamarinus","Pnta",102916,102916,"Pontocrates altamarinus","Pontocrates","Oedicerotidae","Amphipoda","Malacostraca","Arthropoda",0.7,1,0,0,0,0,0,1,0,0,0,1,0,0,0,1,0,0,0,0,1,NA,0,0,1,NA,NA,NA,NA,NA,NA,NA,NA,NA,NA,NA,NA,NA,NA,NA,NA,NA,NA,1,0,0,0,0,0,NA,NA,NA,NA,NA,NA,NA,NA,NA,NA,NA,NA,NA,NA,NA,NA
"Porania pulvillus","Prnp",125166,125166,"Porania pulvillus","Porania","Poraniidae","Valvatida","Asteroidea","Echinodermata",100,0,1,0,0,0,0,0,0,0,0,1,0,0,1,1,0,0,0,1,0,8,0,1,0,0,1,0,1,0,0,0,0,0,0,0,1,0,0,NA,NA,0,1,NA,NA,NA,NA,NA,NA,NA,NA,NA,NA,NA,NA,NA,NA,NA,NA,NA,NA,1.5,NA,NA,NA
"Processa canaliculata","Prcc",107682,107682,"Processa canaliculata","Processa","Processidae","Decapoda","Malacostraca","Arthropoda",74,NA,NA,NA,NA,NA,NA,NA,NA,NA,NA,NA,NA,NA,NA,NA,NA,0,0,1,0,1.5,0,1,0,NA,NA,NA,1,0,0,0,0,0,0,0,1,0,0,NA,NA,1,0,NA,NA,NA,NA,NA,NA,NA,NA,NA,NA,NA,NA,NA,NA,NA,NA,NA,NA,1,NA,NA,NA
"Protanthea simplex","Prts",100913,100913,"Protanthea simplex","Protanthea","Gonactiniidae","Actiniaria","Anthozoa","Cnidaria",1.5,0,0,0,0,0,0,0,1,0,0,0,0,0,0,0,1,0,0,1,0,NA,0,1,0,0,1,0,NA,NA,NA,NA,NA,NA,NA,NA,1,0,0,1,0,1,0,NA,NA,NA,NA,NA,NA,0,0,0,0,0,0,0,0,1,1,0,0,NA,30,NA,NA
"Psammechinus miliaris","Psmm",124319,124319,"Psammechinus miliaris","Psammechinus","Parechinidae","Camarodonta","Echinoidea","Echinodermata",50,1,1,0,0,0,0,0,0,0,0,1,0,0,0,0,0,0,1,0,0,8,0,1,0,0,1,0,1,0,1,0,0,0,0,0,1,0,0,NA,NA,0,1,NA,NA,NA,NA,NA,NA,0,0,0,0,0,1,1,1,0,0,0,0,1,60,2500000,NA
"Pycnogonum litorale","Pycl",239867,239867,"Pycnogonum litorale","Pycnogonum","Pycnogonidae","Pantopoda","Pycnogonida","Arthropoda",5,0,0,0,0,1,0,0,0,0,0,0,0,0,0,0,1,NA,NA,NA,NA,NA,NA,NA,NA,0,1,0,NA,NA,NA,NA,NA,NA,NA,NA,NA,NA,NA,0,1,NA,NA,NA,NA,NA,NA,NA,NA,NA,NA,NA,NA,NA,NA,NA,NA,NA,NA,NA,NA,NA,NA,NA,NA
"Sabellaria alveolata","Sbla",130866,130866,"Sabellaria alveolata","Sabellaria","Sabellariidae","Sabellida","Polychaeta","Annelida",40,0,0,0,0,1,0,0,0,0,0,0,0,0,0,0,1,0,1,0,0,4,0,1,0,0,1,0,0,0,0,0,0,0,0,1,1,0,0,0,1,1,0,NA,NA,NA,NA,NA,NA,0,0,0,0,0,0,1,0,0,0,0,0,1,180,NA,NA
"Sabellaria spinulosa","Sbls",130867,130867,"Sabellaria spinulosa","Sabellaria","Sabellariidae","Sabellida","Polychaeta","Annelida",3,0,0,0,0,1,1,0,0,1,0,1,0,0,0,0,1,1,1,1,0,4,0,1,0,0,1,0,0,0,0,0,0,1,0,0,1,0,0,0,1,0,1,0,0,0,0,0,1,1,1,1,0,0,0,0,0,0,0,0,0,NA,60,NA,NA
"Sagartia elegans","Sgre",100991,100991,"Sagartia elegans","Sagartia","Sagartiidae","Actiniaria","Anthozoa","Cnidaria",60,0,0,0,0,0,0,0,1,0,0,0,0,0,1,0,0,0,0,1,0,NA,0,1,0,NA,NA,NA,0,0,0,0,0,1,0,0,NA,NA,NA,0,1,NA,NA,0,1,0,0,0,0,NA,NA,NA,NA,NA,NA,NA,NA,NA,NA,NA,NA,1,NA,NA,90
"Sagartiogeton undatus","Sgru",101002,101002,"Sagartiogeton undatus","Sagartiogeton","Sagartiidae","Actiniaria","Anthozoa","Cnidaria",120,1,0,0,0,0,0,0,1,0,0,0,0,0,0,0,1,0,0,1,0,NA,NA,NA,NA,0,1,0,1,0,0,0,0,0,0,0,NA,NA,NA,NA,NA,NA,NA,NA,NA,NA,NA,NA,NA,NA,NA,NA,NA,NA,NA,NA,NA,NA,NA,NA,NA,NA,NA,NA,NA
"Scalibregma inflatum","Scli",130980,130980,"Scalibregma inflatum","Scalibregma","Scalibregmatidae","Opheliida","Polychaeta","Annelida",10,1,0,0,1,0,0,0,0,0,0,1,0,0,0,0,0,0,0,0,1,NA,0,1,0,NA,NA,NA,NA,NA,NA,NA,NA,NA,NA,NA,NA,NA,NA,NA,NA,NA,NA,0,0,0,0,0,1,NA,NA,NA,NA,NA,NA,NA,NA,NA,NA,NA,NA,NA,NA,NA,NA
"Scaphander lignarius","Scpl",139488,139488,"Scaphander lignarius","Scaphander","Scaphandridae","Cephalaspidea","Gastropoda","Mollusca",60,1,0,0,0,0,0,0,0,0,0,0,0,0,1,0,0,0,0,1,0,NA,NA,NA,NA,NA,NA,NA,NA,NA,NA,NA,NA,NA,NA,NA,NA,NA,NA,NA,NA,NA,NA,NA,NA,NA,NA,NA,NA,NA,NA,NA,NA,NA,NA,NA,NA,NA,NA,NA,NA,NA,NA,NA,NA
"Semibalanus balanoides","Smbb",106210,106210,"Semibalanus balanoides","Semibalanus","Archaeobalanidae","Sessilia","Maxillopoda","Arthropoda",15,0,0,0,0,1,0,0,0,0,0,0,0,0,0,0,1,0,1,0,0,8,0,1,0,0,1,0,0,1,0,0,0,1,0,0,1,0,0,1,1,1,0,NA,NA,NA,NA,NA,NA,0,1,1,1,0,0,0,0,0,0,0,0,1,60,10000,NA
"Serpula vermicularis","Srpv",131051,131051,"Serpula vermicularis","Serpula","Serpulidae","Sabellida","Polychaeta","Annelida",2.2,0,0,0,0,1,0,0,0,0,0,0,0,0,0,0,1,0,0,1,0,4,0,1,0,0,1,0,0,1,0,0,0,0,0,0,NA,NA,NA,0,1,NA,NA,0,0,0,0,0,1,0,0,0,0,0,1,1,1,0,0,0,0,1,NA,NA,NA
"Sertularia cupressina","Srtc",117913,117913,"Sertularia cupressina","Sertularia","Sertulariidae","Leptothecata","Hydrozoa","Cnidaria",50,0,0,0,0,1,0,0,0,0,0,0,0,0,1,0,0,1,0,0,0,NA,0,1,0,0,1,0,0,0,0,0,0,1,0,0,1,0,0,NA,NA,0,1,NA,NA,NA,NA,NA,NA,1,1,1,1,1,1,1,1,1,1,1,1,1,30,NA,NA
"Spatangus purpureus","Sptp",124418,124418,"Spatangus purpureus","Spatangus","Spatangidae","Spatangoida","Echinoidea","Echinodermata",12,1,1,0,0,0,0,0,0,0,0,1,0,0,0,0,0,0,1,1,0,15.5,0,1,0,0,0,1,0,1,0,0,0,0,0,0,1,0,0,NA,NA,0,1,0,0,0,0,0,1,0,0,0,0,1,1,1,0,0,0,0,0,4,NA,NA,NA
"Sphaerosyllis bulbosa","Sphb",131379,131379,"Sphaerosyllis bulbosa","Sphaerosyllis","Syllidae","Phyllodocida","Polychaeta","Annelida",0.6,0,0,0,1,0,0,0,0,0,0,0,0,0,1,0,0,NA,NA,NA,NA,NA,NA,NA,NA,NA,NA,NA,NA,NA,NA,NA,NA,NA,NA,NA,NA,NA,NA,NA,NA,NA,NA,1,0,0,0,0,0,NA,NA,NA,NA,NA,NA,NA,NA,NA,NA,NA,NA,NA,NA,NA,NA
"Spio filicornis","Spfl",131183,131183,"Spio filicornis","Spio","Spionidae","Spionida","Polychaeta","Annelida",3,1,0,0,0,0,0,0,0,0,0,1,0,0,0,0,0,0,0,1,0,NA,0,1,0,0,0,1,0,1,0,0,0,0,0,0,1,0,0,0,1,0,1,NA,NA,NA,NA,NA,NA,1,1,1,1,1,1,1,1,1,0,0,0,1,10,600,85
"Spiophanes bombyx","Sppb",131187,131187,"Spiophanes bombyx","Spiophanes","Spionidae","Spionida","Polychaeta","Annelida",6,1,0,0,1,0,1,0,0,0,0,1,0,0,0,0,1,0,0,1,0,NA,0,1,0,0,0,1,1,0,0,0,0,1,1,0,1,0,0,0,1,0,1,0,0,0,0,0,1,NA,NA,NA,NA,NA,NA,NA,NA,NA,NA,NA,NA,NA,NA,NA,NA
"Spisula elliptica","Spse",140300,140300,"Spisula elliptica","Spisula","Mactridae","Veneroida","Bivalvia","Mollusca",3,1,0,0,0,0,1,0,0,0,0,0,1,0,0,0,1,NA,NA,NA,NA,NA,NA,NA,NA,NA,NA,NA,NA,NA,NA,NA,NA,NA,NA,NA,NA,NA,NA,NA,NA,NA,NA,0,0,0,0,0,1,NA,NA,NA,NA,NA,NA,NA,NA,NA,NA,NA,NA,NA,NA,NA,NA
"Spisula subtruncata","Spslsb",140302,140302,"Spisula subtruncata","Spisula","Mactridae","Veneroida","Bivalvia","Mollusca",3,1,0,0,0,0,1,0,0,0,0,0,0,0,0,0,1,NA,NA,NA,NA,NA,NA,NA,NA,NA,NA,NA,0,1,0,0,0,0,0,0,NA,NA,NA,NA,NA,NA,NA,0,0,0,0,0,1,NA,NA,NA,NA,NA,NA,NA,NA,NA,NA,NA,NA,NA,NA,NA,NA
"Stenothoe marina","Stnm",103166,103166,"Stenothoe marina","Stenothoe","Stenothoidae","Amphipoda","Malacostraca","Arthropoda",0.6,1,1,0,0,0,0,1,0,0,0,0,0,0,0,1,0,NA,NA,NA,NA,NA,NA,NA,NA,NA,NA,NA,NA,NA,NA,NA,NA,NA,NA,NA,NA,NA,NA,NA,NA,NA,NA,1,0,0,0,0,0,NA,NA,NA,NA,NA,NA,NA,NA,NA,NA,NA,NA,NA,NA,NA,NA
"Thracia villosiuscula","Thrv",141651,141651,"Thracia villosiuscula","Thracia","Thraciidae","Anomalodesmata","Bivalvia","Mollusca",3,1,0,0,0,0,1,0,0,0,0,1,0,0,0,0,1,NA,NA,NA,NA,NA,NA,NA,NA,NA,NA,NA,NA,NA,NA,NA,NA,NA,NA,NA,NA,NA,NA,NA,NA,NA,NA,0,0,0,0,0,1,NA,NA,NA,NA,NA,NA,NA,NA,NA,NA,NA,NA,NA,NA,NA,NA
"Thyasira flexuosa","Thysf",141662,141662,"Thyasira flexuosa","Thyasira","Thyasiridae","Lucinoida","Bivalvia","Mollusca",10,1,0,0,0,0,0,0,0,0,NA,NA,NA,NA,NA,NA,NA,0,0,1,0,NA,NA,NA,NA,0,0,1,NA,NA,NA,NA,NA,NA,NA,NA,1,0,0,NA,NA,0,1,0,1,0,0,0,0,NA,NA,NA,NA,NA,NA,NA,NA,NA,NA,NA,NA,NA,NA,NA,NA
"Thyone fusus","Thynf",124670,124670,"Thyone fusus","Thyone","Phyllophoridae","Dendrochirotida","Holothuroidea","Echinodermata",200,0,1,0,0,0,0,0,0,0,0,1,0,0,0,0,0,0,0,1,0,NA,NA,NA,NA,NA,NA,NA,0,1,0,0,0,0,0,0,NA,NA,NA,NA,NA,NA,NA,NA,NA,NA,NA,NA,NA,NA,NA,NA,NA,NA,NA,NA,NA,NA,NA,NA,NA,NA,NA,NA,NA
"Timoclea ovata","Tmco",141929,141929,"Timoclea ovata","Timoclea","Veneridae","Veneroida","Bivalvia","Mollusca",2,0,1,0,0,0,1,0,0,0,0,0,0,0,0,0,1,NA,NA,NA,NA,NA,NA,NA,NA,NA,NA,NA,NA,NA,NA,NA,NA,NA,NA,NA,NA,NA,NA,NA,NA,NA,NA,0,0,0,0,0,1,NA,NA,NA,NA,NA,NA,NA,NA,NA,NA,NA,NA,NA,NA,NA,NA
"Tubularia indivisa","Tbli",117994,117994,"Tubularia indivisa","Tubularia","Tubulariidae","Anthoathecata","Hydrozoa","Cnidaria",400,0,0,0,0,1,0,0,0,0,0,0,0,0,1,0,0,1,0,0,0,NA,0,1,0,0,1,0,0,0,0,0,0,1,0,0,1,0,0,NA,NA,0,1,NA,NA,NA,NA,NA,NA,NA,NA,NA,NA,NA,NA,NA,NA,NA,NA,NA,NA,1,NA,NA,NA
"Turritella communis","Trrc",141872,141872,"Turritella communis","Turritella","Turritellidae","Caenogastropoda","Gastropoda","Mollusca",5.5,1,1,0,0,0,0,0,0,0,0,1,1,0,0,0,1,0,0,1,0,8,1,1,0,0,0,1,0,0,0,0,0,0,0,1,1,0,0,NA,NA,1,0,0,0,0,0,0,1,NA,NA,NA,NA,NA,NA,NA,NA,NA,NA,NA,NA,1.5,NA,NA,NA
"Oshurkovia littoralis","Oshl",111586,146830,"Oshurkovia littoralis","Umbonula","Umbonulidae","Cheilostomatida","Gymnolaemata","Bryozoa",1,0,0,0,0,1,0,0,0,0,0,0,0,0,0,0,1,1,0,0,0,NA,0,1,0,0,1,0,0,0,0,0,0,0,0,1,0,1,0,1,0,0,1,NA,NA,NA,NA,NA,NA,0,0,0,0,0,1,1,1,1,1,1,0,NA,NA,NA,NA
"Upogebia deltaura","Upgd",107739,107739,"Upogebia deltaura","Upogebia","Upogebiidae","Decapoda","Malacostraca","Arthropoda",15,1,0,0,0,0,0,0,0,0,0,1,0,0,0,0,1,0,0,1,0,NA,0,1,0,NA,NA,NA,NA,NA,NA,NA,NA,NA,NA,NA,NA,NA,NA,NA,NA,NA,NA,0,0,0,0,0,1,NA,NA,NA,NA,NA,NA,NA,NA,NA,NA,NA,NA,NA,NA,NA,NA
"Urothoe elegans","Urte",103228,103228,"Urothoe elegans","Urothoe","Urothoidae","Amphipoda","Malacostraca","Arthropoda",0.4,1,1,0,0,0,0,1,0,0,0,1,0,0,0,0,0,NA,NA,NA,NA,NA,NA,NA,NA,NA,NA,NA,NA,NA,NA,NA,NA,NA,NA,NA,NA,NA,NA,NA,NA,NA,NA,1,0,0,0,0,0,NA,NA,NA,NA,NA,NA,NA,NA,NA,NA,NA,NA,NA,NA,NA,NA
"Urticina felina","Urtf",100834,100834,"Urticina felina","Urticina","Actiniidae","Actiniaria","Anthozoa","Cnidaria",100,0,1,0,0,0,0,0,1,0,0,0,0,0,1,0,0,0,0,1,0,NA,0,1,0,0,1,0,NA,NA,NA,NA,NA,NA,NA,NA,1,0,0,1,0,0,1,NA,NA,NA,NA,NA,NA,0,0,0,1,1,1,0,0,0,0,0,0,NA,NA,NA,700
"Virgularia mirabilis","Vrgm",128539,128539,"Virgularia mirabilis","Virgularia","Virgulariidae","Pennatulacea","Anthozoa","Cnidaria",60,0,0,0,0,0,0,0,1,0,0,0,0,0,0,0,1,0,1,0,0,NA,0,1,0,0,1,1,0,1,0,0,0,1,0,0,1,0,0,1,0,1,0,NA,NA,NA,NA,NA,NA,0,0,0,0,0,1,1,1,1,1,0,0,NA,NA,NA,NA
"Donax vittatus","Dnxv",139604,139604,"Donax vittatus","Donax","Donacidae","Veneroida","Bivalvia","Mollusca",35,1,1,0,0,0,0,0,0,0,0,0,0,0,0,0,1,0,0,1,0,NA,NA,NA,NA,NA,NA,NA,NA,NA,NA,NA,NA,NA,NA,NA,NA,NA,NA,NA,NA,NA,NA,NA,NA,NA,NA,NA,NA,NA,NA,NA,NA,NA,NA,NA,NA,NA,NA,NA,NA,NA,NA,NA,NA
"Hypereteone foliosa","Hypf",130614,152250,"Hypereteone foliosa","Eteone","Phyllodocidae","Phyllodocida","Polychaeta","Annelida",300,1,1,0,0,0,0,1,0,0,0,0,0,0,1,1,0,0,0,1,0,NA,NA,NA,NA,NA,NA,NA,NA,NA,NA,NA,NA,NA,NA,NA,NA,NA,NA,NA,NA,NA,NA,NA,NA,NA,NA,NA,NA,NA,NA,NA,NA,NA,NA,NA,NA,NA,NA,NA,NA,NA,NA,NA,NA
"Urothoe brevicornis","Urtb",103226,103226,"Urothoe brevicornis","Urothoe","Urothoidae","Amphipoda","Malacostraca","Arthropoda",8,1,0,0,0,0,0,1,0,0,0,1,0,0,0,0,0,0,0,1,0,NA,NA,NA,NA,NA,NA,NA,NA,NA,NA,NA,NA,NA,NA,NA,NA,NA,NA,NA,NA,NA,NA,NA,NA,NA,NA,NA,NA,NA,NA,NA,NA,NA,NA,NA,NA,NA,NA,NA,NA,NA,NA,NA,NA
"Urothoe poseidonis","Urtp",103235,103235,"Urothoe poseidonis","Urothoe","Urothoidae","Amphipoda","Malacostraca","Arthropoda",6,1,1,0,0,0,0,1,0,0,0,1,0,0,0,0,0,0,0,1,0,NA,NA,NA,NA,NA,NA,NA,NA,NA,NA,NA,NA,NA,NA,NA,NA,NA,NA,NA,NA,NA,NA,NA,NA,NA,NA,NA,NA,NA,NA,NA,NA,NA,NA,NA,NA,NA,NA,NA,NA,NA,NA,NA,NA
"Nephtys longosetosa","Nphl",130364,130364,"Nephtys longosetosa","Nephtys","Nephtyidae","Phyllodocida","Polychaeta","Annelida",150,1,1,0,0,0,0,1,0,0,0,0,0,0,1,1,0,0,0,1,0,NA,NA,NA,NA,NA,NA,NA,NA,NA,NA,NA,NA,NA,NA,NA,NA,NA,NA,NA,NA,NA,NA,NA,NA,NA,NA,NA,NA,NA,NA,NA,NA,NA,NA,NA,NA,NA,NA,NA,NA,NA,NA,NA,NA
"Kurtiella bidentata","Krtb",140380,345281,"Kurtiella bidentata","Mysella","Montacutidae","Veneroida","Bivalvia","Mollusca",1.5,1,1,0,0,0,0,0,0,0,0,1,0,0,0,0,1,0,0,1,0,NA,NA,NA,NA,0,0,1,NA,NA,NA,NA,NA,NA,NA,NA,1,0,0,1,1,0,1,NA,NA,NA,NA,NA,NA,0,0,0,0,0,0,0,1,1,1,1,0,1,30,1000,NA
"Spisula solida","Spslsl",140301,140301,"Spisula solida","Spisula","Mactridae","Veneroida","Bivalvia","Mollusca",50,1,1,0,0,0,0,0,0,0,0,0,0,0,0,0,1,0,0,1,0,8,0,1,0,0,0,1,0,0,0,1,0,1,0,0,1,0,0,0,1,0,1,NA,NA,NA,NA,NA,NA,0,1,1,1,1,1,0,0,0,0,0,0,1,NA,NA,NA
"Unciola crenatipalma","Uncc",102057,102057,"Unciola crenatipalma","Unciola","Unciolidae","Amphipoda","Malacostraca","Arthropoda",7,1,0,0,0,0,0,1,0,0,0,0,0,0,0,0,1,0,0,1,0,NA,NA,NA,NA,NA,NA,NA,NA,NA,NA,NA,NA,NA,NA,NA,NA,NA,NA,NA,NA,NA,NA,NA,NA,NA,NA,NA,NA,NA,NA,NA,NA,NA,NA,NA,NA,NA,NA,NA,NA,NA,NA,NA,NA
"Bodotria scorpioides","Bdts",110445,110445,"Bodotria scorpioides","Bodotria","Bodotriidae","Cumacea","Malacostraca","Arthropoda",7,1,1,0,0,0,0,1,0,0,0,1,0,0,0,0,0,0,0,1,0,NA,NA,NA,NA,NA,NA,NA,NA,NA,NA,NA,NA,NA,NA,NA,NA,NA,NA,NA,NA,NA,NA,NA,NA,NA,NA,NA,NA,NA,NA,NA,NA,NA,NA,NA,NA,NA,NA,NA,NA,NA,NA,NA,NA
"Crassicorophium crassicorne","Crsc",102089,397383,"Crassicorophium crassicorne","Corophium","Corophiidae","Amphipoda","Malacostraca","Arthropoda",5,1,1,0,0,0,0,1,0,0,0,1,0,0,0,0,1,0,1,0,0,NA,NA,NA,NA,NA,NA,NA,NA,NA,NA,NA,NA,NA,NA,NA,NA,NA,NA,NA,NA,NA,NA,NA,NA,NA,NA,NA,NA,NA,NA,NA,NA,NA,NA,NA,NA,NA,NA,NA,NA,1,NA,NA,NA
"Novocrania anomala","Nvca",104051,235385,"Novocrania anomala","Neocrania","Craniidae","Craniida","Craniata","Brachiopoda",1.5,0,0,0,0,1,0,0,0,0,0,0,0,0,0,0,1,0,0,1,0,8,0,1,0,0,1,0,0,0,0,0,0,0,0,1,1,0,0,1,0,0,1,NA,NA,NA,NA,NA,NA,0,0,0,1,1,1,1,1,1,1,1,0,NA,10,NA,122.5
"Ampharete acutifrons","Ampa",129775,129775,"Ampharete acutifrons","Ampharete","Ampharetidae","Terebellida","Polychaeta","Annelida",80,NA,NA,NA,NA,NA,NA,NA,NA,NA,0,1,0,0,0,0,0,NA,NA,NA,NA,NA,NA,NA,NA,NA,NA,NA,NA,NA,NA,NA,NA,NA,NA,NA,NA,NA,NA,NA,NA,NA,NA,0,1,0,0,0,0,NA,NA,NA,NA,NA,NA,NA,NA,NA,NA,NA,NA,NA,NA,NA,NA
"Cirratulus cirratus","Crrc",129959,129959,"Cirratulus cirratus","Cirratulus","Cirratulidae","Terebellida","Polychaeta","Annelida",120,1,0,0,0,0,0,0,0,0,0,1,0,0,0,0,0,0,0,1,0,8,0,1,0,0,0,1,0,1,0,1,0,0,0,0,0,1,0,1,0,1,0,NA,NA,NA,NA,NA,NA,NA,NA,NA,NA,NA,NA,NA,NA,NA,NA,NA,NA,1.5,NA,NA,150
"Lagis koreni","Lgsk",130595,152367,"Lagis koreni","Pectinaria","Pectinariidae","Terebellida","Polychaeta","Annelida",NA,NA,NA,NA,NA,NA,NA,NA,NA,NA,0,1,0,0,0,0,0,NA,NA,NA,NA,NA,NA,NA,NA,NA,NA,NA,NA,NA,NA,NA,NA,NA,NA,NA,NA,NA,NA,0,1,NA,NA,NA,NA,NA,NA,NA,NA,NA,NA,NA,NA,NA,NA,NA,NA,NA,NA,NA,NA,1,NA,NA,NA
"Prionospio cirrifera","Prnc",131153,131153,"Prionospio cirrifera","Prionospio","Spionidae","Spionida","Polychaeta","Annelida",NA,NA,NA,NA,NA,NA,NA,NA,NA,NA,NA,NA,NA,NA,NA,NA,NA,NA,NA,NA,NA,NA,NA,NA,NA,NA,NA,NA,NA,NA,NA,NA,NA,NA,NA,NA,NA,NA,NA,0,1,NA,NA,NA,NA,NA,NA,NA,NA,NA,NA,NA,NA,NA,NA,NA,NA,NA,NA,NA,NA,1,NA,500,30
"Scolelepis bonnieri","Sclb",131171,131171,"Scolelepis bonnieri","Scolelepis","Spionidae","Spionida","Polychaeta","Annelida",6.5,1,0,0,0,0,0,1,0,0,0,1,0,0,0,0,1,0,0,1,0,NA,NA,NA,NA,NA,NA,NA,NA,NA,NA,NA,NA,NA,NA,NA,NA,NA,NA,NA,NA,NA,NA,NA,NA,NA,NA,NA,NA,NA,NA,NA,NA,NA,NA,NA,NA,NA,NA,NA,NA,NA,NA,NA,NA
"Bathyporeia pelagica","Bthp",103066,103066,"Bathyporeia pelagica","Bathyporeia","Bathyporeiidae","Amphipoda","Malacostraca","Arthropoda",6,1,0,0,0,0,0,1,0,0,0,1,0,0,0,0,0,0,1,0,0,NA,NA,NA,NA,0,0,1,0,1,0,0,0,0,0,0,1,0,0,NA,NA,1,0,0,1,0,0,0,0,0,0,0,0,0,0,0,0,1,1,1,0,NA,NA,15,NA
"Abludomelita obtusata","Ablo",102788,102788,"Abludomelita obtusata","Abludomelita","Melitidae","Amphipoda","Malacostraca","Arthropoda",9,1,0,0,0,0,0,1,0,0,0,1,0,0,0,0,0,0,0,1,0,NA,0,1,0,NA,NA,NA,NA,NA,NA,NA,NA,NA,NA,NA,NA,NA,NA,NA,NA,NA,NA,NA,NA,NA,NA,NA,NA,NA,NA,NA,NA,NA,NA,NA,NA,NA,NA,NA,NA,NA,NA,NA,NA
"Gastrosaccus spinifer","Gsts",120020,120020,"Gastrosaccus spinifer","Gastrosaccus","Mysidae","Mysida","Malacostraca","Arthropoda",6.5,1,1,0,0,0,0,1,0,0,0,1,0,0,0,0,1,0,1,0,0,NA,NA,NA,NA,NA,NA,NA,NA,NA,NA,NA,NA,NA,NA,NA,NA,NA,NA,NA,NA,NA,NA,NA,NA,NA,NA,NA,NA,NA,NA,NA,NA,NA,NA,NA,NA,NA,NA,NA,NA,NA,NA,NA,NA
